--
-- PostgreSQL database dump
--

-- Dumped from database version 14.2 (Debian 14.2-1.pgdg110+1)
-- Dumped by pg_dump version 14.4

SET statement_timeout = 0;
SET lock_timeout = 0;
SET idle_in_transaction_session_timeout = 0;
SET client_encoding = 'UTF8';
SET standard_conforming_strings = on;
SELECT pg_catalog.set_config('search_path', '', false);
SET check_function_bodies = false;
SET xmloption = content;
SET client_min_messages = warning;
SET row_security = off;

--
-- Name: allcoursenojoin_select(bigint, character varying); Type: FUNCTION; Schema: public; Owner: @dminvincul@cion2022
--

CREATE FUNCTION public.allcoursenojoin_select(id_parameter_person bigint, state_course_person character varying) RETURNS TABLE(information text)
    LANGUAGE plpgsql
    AS $$
DECLARE
BEGIN
    BEGIN
        -- select * from allcoursenojoin_select(2, 'A')
        return query select (select COALESCE(array_to_json(array_agg(row_to_json(data_.*))), '[]') as data_
                             from (SELECT courses.id_course,
                                          count(s.id_syllabu) as cant_syllabu,
                                          name_course,
                                          description_course,
                                          keywords_course,
                                          pathimg_course,
                                          datereg_course,
                                          dateupdate_course,
                                          state_course,
                                          language_course,
                                          price_course
                                   FROM courses
                                            LEFT JOIN syllabus s on courses.id_course = s.courses_id_course
                                   WHERE courses.state_course = 'A' and courses.id_course NOT IN (select persons_courses.courses_id_course
                                                                   from persons_courses
                                                                   where persons_courses.persons_id_person = id_parameter_person)
                                   GROUP BY courses.id_course--, datereg_syllabu
                                   ORDER BY courses.id_course
        ) as data_)::text;

    EXCEPTION
        WHEN OTHERS THEN
            raise notice '% %', SQLERRM, SQLSTATE;
            rollback;
    END;
END;
$$;


ALTER FUNCTION public.allcoursenojoin_select(id_parameter_person bigint, state_course_person character varying) OWNER TO "@dminvincul@cion2022";

--
-- Name: course_syllabu_topic_select(bigint); Type: FUNCTION; Schema: public; Owner: @dminvincul@cion2022
--

CREATE FUNCTION public.course_syllabu_topic_select(id_parameter_course bigint) RETURNS TABLE(information text)
    LANGUAGE plpgsql
    AS $$
DECLARE
  BEGIN
  	BEGIN
    -- SELECT information FROM course_syllabu_topic_select(1)
    -- select * from courses;
			return query select (select COALESCE(array_to_json(array_agg(row_to_json(courses_.*))),'[]') as courses_
			 from (
				   SELECT name_course, description_course, pathimg_course, language_course, price_course, datereg_course,
				          CONCAT(p.name_person, ' ', p.lastname_person) as fullname_person,
				       (select COALESCE(array_to_json(array_agg(row_to_json(syllabus_.*))),'[]') as syllabus_
			               from (  select name_syllabu, description_syllabu, pathimg_syllabus, datereg_syllabu,
			                              (select COALESCE(array_to_json(array_agg(row_to_json(topics_.*))),'[]') as topics_
                                              from (  select name_topic, description_topic, pathimg_topic, datereg_topic
                                                       from topics
                                                       where topics.syllabus_id_syllabu = syllabus.id_syllabu and state_topic = 'A'
                                                       order by datereg_topic
                                                       ) as topics_)::json
			                       from syllabus
			                       where syllabus.courses_id_course = courses.id_course and state_syllabu = 'A'
			                       order by datereg_syllabu
			                       ) as syllabus_)::json
				FROM courses
				INNER JOIN persons p on courses.persons_id_person = p.id_person
			    WHERE id_course = id_parameter_course

		) as courses_)::text;

	EXCEPTION WHEN OTHERS THEN
		raise notice '% %', SQLERRM, SQLSTATE;
		rollback;
	END;
END;
$$;


ALTER FUNCTION public.course_syllabu_topic_select(id_parameter_course bigint) OWNER TO "@dminvincul@cion2022";

--
-- Name: evaluations_review_select(integer, bigint, bigint); Type: FUNCTION; Schema: public; Owner: @dminvincul@cion2022
--

CREATE FUNCTION public.evaluations_review_select(type integer, id_evaluationparam bigint, id_personparam bigint) RETURNS TABLE(infor text)
    LANGUAGE plpgsql
    AS $$
DECLARE
    status int := 4;
BEGIN
    BEGIN
        -- select * from evaluations_review_select(1,1,2)
        IF (type = 1) THEN
            return query select (select COALESCE(array_to_json(array_agg(row_to_json(evaluation_person.*))),
                                                 '[]') as evaluation_person
                                 from (select p.id_person_evaluation,
                                              p.qualification_person_evaluation,
                                              p.persons_id_person,
                                              p.evaluations_id_evaluation,
                                              p.timespent_person_evaluation,
                                              p.trynumber_person_evaluation,
                                              p.datereg_person_evaluation,
                                              p.result_evaluation::json,
                                              e.name_evaluation,
                                              e.type_evaluation,
                                              t.name_topic,
                                              s.name_syllabu,
                                              c.name_course
                                       from persons_evaluations as p
                                                inner join evaluations e on p.evaluations_id_evaluation = e.id_evaluation
                                                inner join topics t on e.topics_id_topic = t.id_topic
                                                inner join syllabus s on t.syllabus_id_syllabu = s.id_syllabu
                                                inner join courses c on s.courses_id_course = c.id_course
                                       where p.evaluations_id_evaluation = id_evaluationParam
                                         and p.persons_id_person = id_personParam
                                        order by p.id_person_evaluation desc) as evaluation_person)::text;
        ELSIF (type = 2) THEN
            return query select (select COALESCE(array_to_json(array_agg(row_to_json(evaluation_person.*))),
                                                 '[]') as evaluation_person
                                 from (select p.id_person_evaluation,
                                              p.qualification_person_evaluation,
                                              p.persons_id_person,
                                              p.evaluations_id_evaluation,
                                              p.timespent_person_evaluation,
                                              p.trynumber_person_evaluation,
                                              p.datereg_person_evaluation,
                                              e.name_evaluation,
                                              e.type_evaluation,
                                              t.name_topic,
                                              s.name_syllabu,
                                              c.name_course
                                       from persons_evaluations as p
                                                inner join evaluations e on p.evaluations_id_evaluation = e.id_evaluation
                                                inner join topics t on e.topics_id_topic = t.id_topic
                                                inner join syllabus s on t.syllabus_id_syllabu = s.id_syllabu
                                                inner join courses c on s.courses_id_course = c.id_course
                                       where p.evaluations_id_evaluation = id_evaluationParam
                                         and p.persons_id_person = id_personParam
                                        order by p.id_person_evaluation desc) as evaluation_person)::text;
        ELSIF (type = 3) THEN
            return query select (select COALESCE(array_to_json(array_agg(row_to_json(evaluation_person.*))),
                                                 '[]') as evaluation_person
                                 from (select p.id_person_evaluation,
                                              p.qualification_person_evaluation,
                                              p.persons_id_person,
                                              p.evaluations_id_evaluation,
                                              p.timespent_person_evaluation,
                                              p.trynumber_person_evaluation,
                                              p.datereg_person_evaluation,
                                              e.name_evaluation,
                                              e.type_evaluation,
                                              t.name_topic,
                                              s.name_syllabu,
                                              c.name_course
                                       from persons_evaluations as p
                                                inner join evaluations e on p.evaluations_id_evaluation = e.id_evaluation
                                                inner join topics t on e.topics_id_topic = t.id_topic
                                                inner join syllabus s on t.syllabus_id_syllabu = s.id_syllabu
                                                inner join courses c on s.courses_id_course = c.id_course
                                       where p.persons_id_person = id_personParam
                                       order by p.id_person_evaluation desc) as evaluation_person)::text;
             ELSIF (type = 3) THEN
            return query select (select COALESCE(array_to_json(array_agg(row_to_json(evaluation_person.*))),
                                                 '[]') as evaluation_person
                                 from (select p.id_person_evaluation,
                                              p.qualification_person_evaluation,
                                              p.persons_id_person,
                                              p.evaluations_id_evaluation,
                                              p.timespent_person_evaluation,
                                              p.trynumber_person_evaluation,
                                              p.datereg_person_evaluation,
                                              e.name_evaluation,
                                              e.type_evaluation,
                                              t.name_topic,
                                              s.name_syllabu,
                                              c.name_course
                                       from persons_evaluations as p
                                                inner join evaluations e on p.evaluations_id_evaluation = e.id_evaluation
                                                inner join topics t on e.topics_id_topic = t.id_topic
                                                inner join syllabus s on t.syllabus_id_syllabu = s.id_syllabu
                                                inner join courses c on s.courses_id_course = c.id_course
                                       where p.persons_id_person = id_personParam
                                       order by p.id_person_evaluation desc) as evaluation_person)::text;
             ELSIF (type = 4) THEN
             return query select (select COALESCE(array_to_json(array_agg(row_to_json(evaluation_person.*))),
                                                 '[]') as evaluation_person
                                 from (select p.id_person_evaluation,
                                              p.qualification_person_evaluation,
                                              p.persons_id_person,
                                              p.evaluations_id_evaluation,
                                              p.timespent_person_evaluation,
                                              p.trynumber_person_evaluation,
                                              p.datereg_person_evaluation,
                                              p.result_evaluation::json,
                                              e.name_evaluation,
                                              e.type_evaluation,
                                              t.name_topic,
                                              s.name_syllabu,
                                              c.name_course
                                       from persons_evaluations as p
                                                inner join evaluations e on p.evaluations_id_evaluation = e.id_evaluation
                                                inner join topics t on e.topics_id_topic = t.id_topic
                                                inner join syllabus s on t.syllabus_id_syllabu = s.id_syllabu
                                                inner join courses c on s.courses_id_course = c.id_course
                                       where p.id_person_evaluation = id_evaluationParam
                                         and p.persons_id_person = id_personParam
                                        order by p.id_person_evaluation desc) as evaluation_person)::text;

             /*REPORTES*/
                    ELSIF (type = 5) THEN
             return query select (select COALESCE(array_to_json(array_agg(row_to_json(evaluation_person.*))),
                                                 '[]') as evaluation_person
                                 from (select
                                             (sum(timespent_person_evaluation)/count(timespent_person_evaluation)) as timespent_person_evaluation,
                                             (sum(qualification_person_evaluation)/count(qualification_person_evaluation)) as qualification_person_evaluation,
                                                p.evaluations_id_evaluation, e.name_evaluation, c.name_course
                                       from persons_evaluations as p
                                                inner join evaluations e on p.evaluations_id_evaluation = e.id_evaluation
                                                inner join topics t on e.topics_id_topic = t.id_topic
                                                inner join syllabus s on t.syllabus_id_syllabu = s.id_syllabu
                                                inner join courses c on s.courses_id_course = c.id_course
                                       where p.persons_id_person = id_personParam
                                       group by evaluations_id_evaluation, name_evaluation, name_course) as evaluation_person)::text;
        END IF;

    EXCEPTION
        WHEN OTHERS THEN
            raise notice '% %', SQLERRM, SQLSTATE;
            status := 4;
            rollback;
    END;
END;
$$;


ALTER FUNCTION public.evaluations_review_select(type integer, id_evaluationparam bigint, id_personparam bigint) OWNER TO "@dminvincul@cion2022";

--
-- Name: home_select(integer, integer); Type: FUNCTION; Schema: public; Owner: @dminvincul@cion2022
--

CREATE FUNCTION public.home_select(id_type integer, id_parameter integer) RETURNS TABLE(status integer, infor text)
    LANGUAGE plpgsql
    AS $$
DECLARE
  status int:= 4;
  BEGIN
  	BEGIN
	-- COUNTS
		IF (id_type = 1) THEN

			status:= 2;

			return query select
			status, (select COALESCE(array_to_json(array_agg(row_to_json(home.*))),'[]') as home from (
			select

			(select count(*) as my_courses from persons_courses
			                               inner join courses c on c.id_course = persons_courses.courses_id_course
			 where persons_courses.persons_id_person = id_parameter and c.state_course = 'A' and persons_courses.state_person_course = 'A'),

			(select COALESCE(sum(persons_evaluations.qualification_person_evaluation),'0') as my_point from persons_evaluations
			where persons_id_person = id_parameter),

			(select count(*) as total_course from courses
			where state_course not in ('I')),

			(select count(*) as total_user from persons
			where type_person not in ('I', 'S'))
			) as home)::text;
			
		  ELSIF (id_type = 2) THEN

			status:= 2;

			return query select
			status, (select COALESCE(array_to_json(array_agg(row_to_json(home.*))),'[]') as home from (
			select

			(select count(*) as my_courses from courses
			 where persons_id_person = id_parameter),

			(select COALESCE(sum(persons_evaluations.qualification_person_evaluation),'0') as my_point from persons_evaluations
			where persons_id_person = id_parameter),

			(select count(*) as total_course from courses
			where state_course not in ('I')),

			(select count(*) as total_user from persons
			where type_person not in ('I', 'S'))
			) as home)::text;

		END IF;


	EXCEPTION WHEN OTHERS THEN
		raise notice '% %', SQLERRM, SQLSTATE;
		status:=4;
		rollback;
	END;
END;
$$;


ALTER FUNCTION public.home_select(id_type integer, id_parameter integer) OWNER TO "@dminvincul@cion2022";

--
-- Name: person_course_select(bigint, character varying); Type: FUNCTION; Schema: public; Owner: @dminvincul@cion2022
--

CREATE FUNCTION public.person_course_select(id_parameter_person bigint, id_parameter_person_status character varying) RETURNS TABLE(information text)
    LANGUAGE plpgsql
    AS $$
DECLARE 
  status int:= 4;
  BEGIN
  	BEGIN	
	-- SELECT * FROM public.person_course_select(2, 'A')
		return query select (select COALESCE(array_to_json(array_agg(row_to_json(courses_.*))),'[]') as courses_
					 from (
							SELECT c.id_course::bigint, 
							c.name_course::character varying, 
							c.description_course::character varying, 
							c.keywords_course::character varying, 
							c.pathimg_course::character varying, 
							c.datereg_course::timestamp without time zone, 
							c.dateupdate_course::timestamp without time zone, 
							c.state_course::character varying, 
							c.language_course::character varying, 
							c.persons_id_person::bigint, 
							c.price_course::numeric(2),
							pc.datereg_person_course::date
							FROM persons_courses as pc
							INNER JOIN courses c on pc.courses_id_course = c.id_course
							--INNER JOIN persons p on c.persons_id_person = p.id_person
							WHERE pc.persons_id_person = id_parameter_person
							AND c.state_course = id_parameter_person_status AND state_person_course = 'A' 
							ORDER BY datereg_person_course

				) as courses_)::text;
			
	EXCEPTION WHEN OTHERS THEN
		raise notice '% %', SQLERRM, SQLSTATE;
		status:=4;
		rollback;
	END;
END;
$$;


ALTER FUNCTION public.person_course_select(id_parameter_person bigint, id_parameter_person_status character varying) OWNER TO "@dminvincul@cion2022";

--
-- Name: questions_select(integer, integer); Type: FUNCTION; Schema: public; Owner: @dminvincul@cion2022
--

CREATE FUNCTION public.questions_select(id_parameter_evaluation integer, id_parameter_person integer) RETURNS TABLE(information text)
    LANGUAGE plpgsql
    AS $$
DECLARE
    --trueorFalse record:= null;
    --simpleOption record:= null;
  BEGIN
  	BEGIN
    --topic -
    
    -- SELECT information FROM questions_select(11,1);
    
    -- select * from evaluations;

			return query select (select COALESCE(array_to_json(array_agg(row_to_json(evaluation_.*))),'[]') as evaluation
			 from (
				SELECT name_evaluation, description_evaluation, 
				       time_evaluation, timeminutes_evaluation, 
				       order_category, --numberquestion_evaluation,
				       (select  COALESCE(array_to_json(array_agg(row_to_json(questions_.*))),'[]') as questions_
			               from ( select * from 
			                    (select (RANDOM())::character varying as order_question, id_question, name_questioncategory ,title_question, description_question, feedback_question, hint_question,
			                              pathurlsign_question,  pathurlvideo_question,  pathurlfile_question, points_question, maximumpoints_question, level_question
			                              , (select COALESCE(array_to_json(array_agg(row_to_json(answers_.*))),'[]') as answers_
                                              from (  select options_answer::json
                                                       from answers
                                                       where answers.questions_id_question = questions.id_question
                                                   ) as answers_)::json
			                       from questions
			                       inner join question_category qc on questions.question_category_id_questioncategory = qc.id_questioncategory
			                       where questions.evaluations_id_evaluation = evaluations.id_evaluation
			                             and state_question = 'A' and qc.id_questioncategory = 1 and qc.state_questioncategory = 'A'
			                       order by question_category_id_questioncategory, order_question
			                       limit ( select eqc2.number_question
                                           from evaluation_question_category as eqc2
                                           where eqc2.evaluations_id_evaluation = evaluations.id_evaluation
                                           and eqc2.question_category_id_questioncategory = 1)
			                   			                       
			                       ) as questions_1
			                               
			                        UNION ALL 
			                        
			                      select * from (select (RANDOM())::character varying as order_question, id_question, name_questioncategory ,title_question, description_question, feedback_question, hint_question,
			                              pathurlsign_question,  pathurlvideo_question,  pathurlfile_question, points_question, maximumpoints_question, level_question
			                              , (select COALESCE(array_to_json(array_agg(row_to_json(answers_.*))),'[]') as answers_
                                              from (  select options_answer::json
                                                       from answers
                                                       where answers.questions_id_question = questions.id_question
                                                   ) as answers_)::json
			                       from questions
			                       inner join question_category qc on questions.question_category_id_questioncategory = qc.id_questioncategory
			                       where questions.evaluations_id_evaluation = evaluations.id_evaluation
			                             and state_question = 'A' and qc.id_questioncategory = 2 and qc.state_questioncategory = 'A'
			                       order by question_category_id_questioncategory, order_question
			                       limit ( select eqc2.number_question
                                           from evaluation_question_category as eqc2
                                           where eqc2.evaluations_id_evaluation = evaluations.id_evaluation
                                           and eqc2.question_category_id_questioncategory = 2)
			                   			                       
			                       ) as questions_2
			                               
			                        UNION ALL 
			                        
			                      select * from (select (RANDOM())::character varying as order_question, id_question, name_questioncategory ,title_question, description_question, feedback_question, hint_question,
			                              pathurlsign_question,  pathurlvideo_question,  pathurlfile_question, points_question, maximumpoints_question, level_question
			                              , (select COALESCE(array_to_json(array_agg(row_to_json(answers_.*))),'[]') as answers_
                                              from (  select options_answer::json
                                                       from answers
                                                       where answers.questions_id_question = questions.id_question
                                                   ) as answers_)::json
			                       from questions
			                       inner join question_category qc on questions.question_category_id_questioncategory = qc.id_questioncategory
			                       where questions.evaluations_id_evaluation = evaluations.id_evaluation
			                             and state_question = 'A' and qc.id_questioncategory = 3 and qc.state_questioncategory = 'A'
			                       order by question_category_id_questioncategory, order_question
			                       limit ( select eqc2.number_question
                                           from evaluation_question_category as eqc2
                                           where eqc2.evaluations_id_evaluation = evaluations.id_evaluation
                                           and eqc2.question_category_id_questioncategory = 3)
			                   			                       
			                       ) as questions_3
			                                         
			                         UNION ALL 
			                         
			                      select * from (select (RANDOM())::character varying as order_question, id_question, name_questioncategory ,title_question, description_question, feedback_question, hint_question,
			                              pathurlsign_question,  pathurlvideo_question,  pathurlfile_question, points_question, maximumpoints_question, level_question
			                              , (select COALESCE(array_to_json(array_agg(row_to_json(answers_.*))),'[]') as answers_
                                              from (  select options_answer::json
                                                       from answers
                                                       where answers.questions_id_question = questions.id_question
                                                   ) as answers_)::json
			                       from questions
			                       inner join question_category qc on questions.question_category_id_questioncategory = qc.id_questioncategory
			                       where questions.evaluations_id_evaluation = evaluations.id_evaluation
			                             and state_question = 'A' and qc.id_questioncategory = 7 and qc.state_questioncategory = 'A'
			                       order by question_category_id_questioncategory, order_question
			                       limit ( select eqc2.number_question
                                           from evaluation_question_category as eqc2
                                           where eqc2.evaluations_id_evaluation = evaluations.id_evaluation
                                           and eqc2.question_category_id_questioncategory = 7)
			                   			                       
			                       ) as questions_7
			                               
			                       UNION ALL 
			                       
			                      select * from (select (RANDOM())::character varying as order_question, id_question, name_questioncategory ,title_question, description_question, feedback_question, hint_question,
			                              pathurlsign_question,  pathurlvideo_question,  pathurlfile_question, points_question, maximumpoints_question, level_question
			                              , (select COALESCE(array_to_json(array_agg(row_to_json(answers_.*))),'[]') as answers_
                                              from (  select options_answer::json
                                                       from answers
                                                       where answers.questions_id_question = questions.id_question
                                                   ) as answers_)::json
			                       from questions
			                       inner join question_category qc on questions.question_category_id_questioncategory = qc.id_questioncategory
			                       where questions.evaluations_id_evaluation = evaluations.id_evaluation
			                             and state_question = 'A' and qc.id_questioncategory = 4 and qc.state_questioncategory = 'A'
			                       order by question_category_id_questioncategory, order_question
			                       limit ( select eqc2.number_question
                                           from evaluation_question_category as eqc2
                                           where eqc2.evaluations_id_evaluation = evaluations.id_evaluation
                                           and eqc2.question_category_id_questioncategory = 4)
			                   			                       
			                       ) as questions_4
			                               
			                       UNION ALL 
			                       
			                      select * from (select (RANDOM())::character varying as order_question, id_question, name_questioncategory ,title_question, description_question, feedback_question, hint_question,
			                              pathurlsign_question,  pathurlvideo_question,  pathurlfile_question, points_question, maximumpoints_question, level_question
			                              , (select COALESCE(array_to_json(array_agg(row_to_json(answers_.*))),'[]') as answers_
                                              from (  select options_answer::json
                                                       from answers
                                                       where answers.questions_id_question = questions.id_question
                                                   ) as answers_)::json
			                       from questions
			                       inner join question_category qc on questions.question_category_id_questioncategory = qc.id_questioncategory
			                       where questions.evaluations_id_evaluation = evaluations.id_evaluation
			                             and state_question = 'A' and qc.id_questioncategory = 5 and qc.state_questioncategory = 'A'
			                       order by question_category_id_questioncategory, order_question
			                       limit ( select eqc2.number_question
                                           from evaluation_question_category as eqc2
                                           where eqc2.evaluations_id_evaluation = evaluations.id_evaluation
                                           and eqc2.question_category_id_questioncategory = 5)
			                   			                       
			                       ) as questions_5
			                               
			                         UNION ALL 
			                         
			                      select * from (select (RANDOM())::character varying as order_question, id_question, name_questioncategory ,title_question, description_question, feedback_question, hint_question,
			                              pathurlsign_question,  pathurlvideo_question,  pathurlfile_question, points_question, maximumpoints_question, level_question
			                              , (select COALESCE(array_to_json(array_agg(row_to_json(answers_.*))),'[]') as answers_
                                              from (  select options_answer::json
                                                       from answers
                                                       where answers.questions_id_question = questions.id_question
                                                   ) as answers_)::json
			                       from questions
			                       inner join question_category qc on questions.question_category_id_questioncategory = qc.id_questioncategory
			                       where questions.evaluations_id_evaluation = evaluations.id_evaluation
			                             and state_question = 'A' and qc.id_questioncategory = 6 and qc.state_questioncategory = 'A'
			                       order by question_category_id_questioncategory, order_question
			                       limit ( select eqc2.number_question
                                           from evaluation_question_category as eqc2
                                           where eqc2.evaluations_id_evaluation = evaluations.id_evaluation
                                           and eqc2.question_category_id_questioncategory = 6)
			                   			                       
			                       ) as questions_6
			                               
			                               
			                    ) as questions_
			               )::json
				
                FROM evaluations
			    WHERE id_evaluation = id_parameter_evaluation AND state_evaluation = 'A'


	     	) as evaluation_)::text;


	EXCEPTION WHEN OTHERS THEN
		raise notice '% %', SQLERRM, SQLSTATE;
		rollback;
	END;
END;
$$;


ALTER FUNCTION public.questions_select(id_parameter_evaluation integer, id_parameter_person integer) OWNER TO "@dminvincul@cion2022";

--
-- Name: questions_select2(integer, integer); Type: FUNCTION; Schema: public; Owner: @dminvincul@cion2022
--

CREATE FUNCTION public.questions_select2(id_parameter_evaluation integer, id_parameter_person integer) RETURNS TABLE(information text)
    LANGUAGE plpgsql
    AS $$
DECLARE
  BEGIN
  	BEGIN
    --topic -
    -- SELECT information FROM questions_select2(1,1)
    -- select * from evaluations;
			return query select (select COALESCE(array_to_json(array_agg(row_to_json(evaluation_.*))),'[]') as evaluation
			 from (				 
				SELECT name_evaluation, description_evaluation, time_evaluation, timeminutes_evaluation,
				       type_evaluation, opportunity_evaluation, opportunities_evaluation,
				       (select COALESCE(array_to_json(array_agg(row_to_json(questions_.*))),'[]') as questions_
			               from (  select RANDOM() as order_question, name_questioncategory ,title_question, description_question,
			                              pathurlsign_question, points_question, maximumpoints_question, level_question, feedback_question
			                              , (select COALESCE(array_to_json(array_agg(row_to_json(answers_.*))),'[]') as answers_
                                              from (  select options_answer::json
                                                       from answers
                                                       where answers.questions_id_question = questions.id_question
                                                       ) as answers_)::json
			                       from questions 
			                       inner join question_category qc on questions.question_category_id_questioncategory = qc.id_questioncategory
			                       where questions.evaluations_id_evaluation = evaluations.id_evaluation and state_question = 'A'
			                       order by question_category_id_questioncategory, order_question
			                       limit numberquestion_evaluation
			                       ) as questions_)::json
				FROM evaluations
			    WHERE id_evaluation = id_parameter_evaluation AND state_evaluation = 'A'
			    
		) as evaluation_)::text;


	EXCEPTION WHEN OTHERS THEN
		raise notice '% %', SQLERRM, SQLSTATE;
		rollback;
	END;
END;
$$;


ALTER FUNCTION public.questions_select2(id_parameter_evaluation integer, id_parameter_person integer) OWNER TO "@dminvincul@cion2022";

--
-- Name: questions_select3(integer, integer); Type: FUNCTION; Schema: public; Owner: @dminvincul@cion2022
--

CREATE FUNCTION public.questions_select3(id_parameter_evaluation integer, id_parameter_person integer) RETURNS TABLE(information text)
    LANGUAGE plpgsql
    AS $$
DECLARE
  BEGIN
  	BEGIN
    --topic -
    -- SELECT information FROM questions_select(2,1)
    -- select * from evaluations;
			return query  select (select COALESCE(array_to_json(array_agg(row_to_json(evaluation_.*))),'[]') as evaluation
			 from (
				SELECT distinct on(id_evaluation) name_evaluation, description_evaluation, time_evaluation, timeminutes_evaluation,
				                                  type_evaluation, opportunity_evaluation, opportunities_evaluation, --numberquestion_evaluation,

				      (select COALESCE(array_to_json(array_agg(row_to_json(trueorFalse.*))),'[]') as trueorFalse
			               from (  select RANDOM() as order_question, name_questioncategory ,title_question, description_question, feedback_question, 
			                              pathurlsign_question,  pathurlvideo_question,  pathurlfile_question, points_question, maximumpoints_question, level_question
			                              , (select COALESCE(array_to_json(array_agg(row_to_json(answers_.*))),'[]') as trueorFalse
                                              from (  select options_answer::json
                                                       from answers
                                                       where answers.questions_id_question = questions.id_question
                                                   ) as answers_)::json
			                       from questions
			                       inner join question_category qc on questions.question_category_id_questioncategory = qc.id_questioncategory
			                       where questions.evaluations_id_evaluation = evaluations.id_evaluation
			                             and state_question = 'A' and qc.id_questioncategory = 1 and qc.state_questioncategory = 'A'
			                       order by question_category_id_questioncategory, order_question
			                       limit ( select eqc2.number_question
                                           from evaluation_question_category as eqc2
                                           where eqc2.evaluations_id_evaluation = evaluations.id_evaluation
                                           and eqc2.question_category_id_questioncategory = 1)
			                       ) as trueorFalse
			               )::json,

				      (select COALESCE(array_to_json(array_agg(row_to_json(simpleOption.*))),'[]') as simpleOption
			               from (  select RANDOM() as order_question, name_questioncategory ,title_question, description_question, feedback_question, 
			                              pathurlsign_question, points_question, maximumpoints_question, level_question
			                              , (select COALESCE(array_to_json(array_agg(row_to_json(answers_.*))),'[]') as answers_
                                              from (  select options_answer::json
                                                       from answers
                                                       where answers.questions_id_question = questions.id_question
                                                   ) as answers_)::json
			                       from questions
			                       inner join question_category qc on questions.question_category_id_questioncategory = qc.id_questioncategory
			                       where questions.evaluations_id_evaluation = evaluations.id_evaluation
			                             and state_question = 'A' and qc.id_questioncategory = 2 and qc.state_questioncategory = 'A'
			                       order by question_category_id_questioncategory, order_question
			                       limit ( select eqc2.number_question
                                           from evaluation_question_category as eqc2
                                           where eqc2.evaluations_id_evaluation = evaluations.id_evaluation
                                           and eqc2.question_category_id_questioncategory = 2)		
			                       ) as simpleOption
			               )::json,
				      (select COALESCE(array_to_json(array_agg(row_to_json(multipleOption.*))),'[]') as multipleOption
			               from (  select RANDOM() as order_question, name_questioncategory ,title_question, description_question, feedback_question, 
			                              pathurlsign_question, points_question, maximumpoints_question, level_question
			                              , (select COALESCE(array_to_json(array_agg(row_to_json(answers_.*))),'[]') as answers_
                                              from (  select options_answer::json
                                                       from answers
                                                       where answers.questions_id_question = questions.id_question
                                                   ) as answers_)::json
			                       from questions
			                       inner join question_category qc on questions.question_category_id_questioncategory = qc.id_questioncategory
			                       where questions.evaluations_id_evaluation = evaluations.id_evaluation
			                             and state_question = 'A' and qc.id_questioncategory = 3 and qc.state_questioncategory = 'A'
			                       order by question_category_id_questioncategory, order_question
			                       limit ( select eqc2.number_question
                                           from evaluation_question_category as eqc2
                                           where eqc2.evaluations_id_evaluation = evaluations.id_evaluation
                                           and eqc2.question_category_id_questioncategory = 3)			       
			                       ) as multipleOption
			               )::json,
				      (select COALESCE(array_to_json(array_agg(row_to_json(complete.*))),'[]') as complete
			               from (  select RANDOM() as order_question, name_questioncategory ,title_question, description_question, feedback_question, 
			                              pathurlsign_question, points_question, maximumpoints_question, level_question
			                              , (select COALESCE(array_to_json(array_agg(row_to_json(answers_.*))),'[]') as answers_
                                              from (  select options_answer::json
                                                       from answers
                                                       where answers.questions_id_question = questions.id_question
                                                   ) as answers_)::json
			                       from questions
			                       inner join question_category qc on questions.question_category_id_questioncategory = qc.id_questioncategory
			                       where questions.evaluations_id_evaluation = evaluations.id_evaluation
			                             and state_question = 'A' and qc.id_questioncategory = 4 and qc.state_questioncategory = 'A'
			                       order by question_category_id_questioncategory, order_question
			                       limit ( select eqc2.number_question
                                           from evaluation_question_category as eqc2
                                           where eqc2.evaluations_id_evaluation = evaluations.id_evaluation
                                           and eqc2.question_category_id_questioncategory = 4)		  
			                       ) as complete
			           )::json,
				      (select COALESCE(array_to_json(array_agg(row_to_json(relate.*))),'[]') as relate
			               from (  select RANDOM() as order_question, name_questioncategory ,title_question, description_question, feedback_question, 
			                              pathurlsign_question, points_question, maximumpoints_question, level_question
			                              , (select COALESCE(array_to_json(array_agg(row_to_json(answers_.*))),'[]') as answers_
                                              from (  select options_answer::json
                                                       from answers
                                                       where answers.questions_id_question = questions.id_question
                                                   ) as answers_)::json
			                       from questions
			                       inner join question_category qc on questions.question_category_id_questioncategory = qc.id_questioncategory
			                       where questions.evaluations_id_evaluation = evaluations.id_evaluation
			                             and state_question = 'A' and qc.id_questioncategory = 5 and qc.state_questioncategory = 'A'
			                       order by question_category_id_questioncategory, order_question
			                       limit ( select eqc2.number_question
                                           from evaluation_question_category as eqc2
                                           where eqc2.evaluations_id_evaluation = evaluations.id_evaluation
                                           and eqc2.question_category_id_questioncategory = 5)			           
			                       ) as relate
			           )::json,
				      (select COALESCE(array_to_json(array_agg(row_to_json(puzzle.*))),'[]') as puzzle
			               from (  select RANDOM() as order_question, name_questioncategory ,title_question, description_question, feedback_question, 
			                              pathurlsign_question, points_question, maximumpoints_question, level_question
			                              , (select COALESCE(array_to_json(array_agg(row_to_json(answers_.*))),'[]') as answers_
                                              from (  select options_answer::json
                                                       from answers
                                                       where answers.questions_id_question = questions.id_question
                                                   ) as answers_)::json
			                       from questions
			                       inner join question_category qc on questions.question_category_id_questioncategory = qc.id_questioncategory
			                       where questions.evaluations_id_evaluation = evaluations.id_evaluation
			                             and state_question = 'A' and qc.id_questioncategory = 6 and qc.state_questioncategory = 'A'
			                       order by question_category_id_questioncategory, order_question
			                       limit ( select eqc2.number_question
                                           from evaluation_question_category as eqc2
                                           where eqc2.evaluations_id_evaluation = evaluations.id_evaluation
                                           and eqc2.question_category_id_questioncategory = 6)
			                    ) as puzzle
			           )::json

				FROM evaluations
				INNER JOIN evaluation_question_category eqc ON evaluations.id_evaluation = eqc.evaluations_id_evaluation
			    WHERE id_evaluation = id_parameter_evaluation
			          AND state_evaluation = 'A'

		) as evaluation_)::text;


	EXCEPTION WHEN OTHERS THEN
		raise notice '% %', SQLERRM, SQLSTATE;
		rollback;
	END;
END;
$$;


ALTER FUNCTION public.questions_select3(id_parameter_evaluation integer, id_parameter_person integer) OWNER TO "@dminvincul@cion2022";

SET default_tablespace = '';

SET default_table_access_method = heap;

--
-- Name: answers; Type: TABLE; Schema: public; Owner: @dminvincul@cion2022
--

CREATE TABLE public.answers (
    id_answer bigint NOT NULL,
    options_answer character varying(8000) NOT NULL,
    datereg_answer timestamp(3) without time zone NOT NULL,
    dateupdate_answer timestamp(3) without time zone NOT NULL,
    questions_id_question bigint NOT NULL
);


ALTER TABLE public.answers OWNER TO "@dminvincul@cion2022";

--
-- Name: answers_id_answer_seq; Type: SEQUENCE; Schema: public; Owner: @dminvincul@cion2022
--

CREATE SEQUENCE public.answers_id_answer_seq
    START WITH 1
    INCREMENT BY 1
    NO MINVALUE
    NO MAXVALUE
    CACHE 1;


ALTER TABLE public.answers_id_answer_seq OWNER TO "@dminvincul@cion2022";

--
-- Name: answers_id_answer_seq; Type: SEQUENCE OWNED BY; Schema: public; Owner: @dminvincul@cion2022
--

ALTER SEQUENCE public.answers_id_answer_seq OWNED BY public.answers.id_answer;


--
-- Name: courses; Type: TABLE; Schema: public; Owner: @dminvincul@cion2022
--

CREATE TABLE public.courses (
    id_course bigint NOT NULL,
    name_course character varying(75) NOT NULL,
    description_course character varying(250) NOT NULL,
    keywords_course text,
    pathimg_course character varying(400),
    datereg_course timestamp(3) without time zone NOT NULL,
    dateupdate_course timestamp(3) without time zone NOT NULL,
    state_course character(1) NOT NULL,
    language_course character varying(20),
    persons_id_person bigint NOT NULL,
    price_course numeric(2,0)
);


ALTER TABLE public.courses OWNER TO "@dminvincul@cion2022";

--
-- Name: courses_id_course_seq; Type: SEQUENCE; Schema: public; Owner: @dminvincul@cion2022
--

CREATE SEQUENCE public.courses_id_course_seq
    START WITH 1
    INCREMENT BY 1
    NO MINVALUE
    NO MAXVALUE
    CACHE 1;


ALTER TABLE public.courses_id_course_seq OWNER TO "@dminvincul@cion2022";

--
-- Name: courses_id_course_seq; Type: SEQUENCE OWNED BY; Schema: public; Owner: @dminvincul@cion2022
--

ALTER SEQUENCE public.courses_id_course_seq OWNED BY public.courses.id_course;


--
-- Name: evaluation_question_category_id_evaluation_question_category_se; Type: SEQUENCE; Schema: public; Owner: @dminvincul@cion2022
--

CREATE SEQUENCE public.evaluation_question_category_id_evaluation_question_category_se
    START WITH 1
    INCREMENT BY 1
    NO MINVALUE
    NO MAXVALUE
    CACHE 1;


ALTER TABLE public.evaluation_question_category_id_evaluation_question_category_se OWNER TO "@dminvincul@cion2022";

--
-- Name: evaluation_question_category; Type: TABLE; Schema: public; Owner: @dminvincul@cion2022
--

CREATE TABLE public.evaluation_question_category (
    id_evaluation_question_category bigint DEFAULT nextval('public.evaluation_question_category_id_evaluation_question_category_se'::regclass) NOT NULL,
    evaluations_id_evaluation bigint NOT NULL,
    question_category_id_questioncategory bigint NOT NULL,
    number_question integer DEFAULT 0
);


ALTER TABLE public.evaluation_question_category OWNER TO "@dminvincul@cion2022";

--
-- Name: evaluations; Type: TABLE; Schema: public; Owner: @dminvincul@cion2022
--

CREATE TABLE public.evaluations (
    id_evaluation bigint NOT NULL,
    name_evaluation character varying(500) NOT NULL,
    description_evaluation character varying(500) NOT NULL,
    datereg_evaluation timestamp(3) without time zone NOT NULL,
    dateupdate_evaluation timestamp(3) without time zone NOT NULL,
    time_evaluation boolean NOT NULL,
    timeminutes_evaluation bigint,
    numberquestion_evaluation integer,
    topics_id_topic bigint NOT NULL,
    state_evaluation character varying(1) DEFAULT 'A'::character varying,
    type_evaluation integer,
    opportunity_evaluation boolean,
    opportunities_evaluation integer,
    order_category boolean DEFAULT true,
    allows_review boolean DEFAULT false
);


ALTER TABLE public.evaluations OWNER TO "@dminvincul@cion2022";

--
-- Name: evaluations_id_evaluation_seq; Type: SEQUENCE; Schema: public; Owner: @dminvincul@cion2022
--

CREATE SEQUENCE public.evaluations_id_evaluation_seq
    START WITH 1
    INCREMENT BY 1
    NO MINVALUE
    NO MAXVALUE
    CACHE 1;


ALTER TABLE public.evaluations_id_evaluation_seq OWNER TO "@dminvincul@cion2022";

--
-- Name: evaluations_id_evaluation_seq; Type: SEQUENCE OWNED BY; Schema: public; Owner: @dminvincul@cion2022
--

ALTER SEQUENCE public.evaluations_id_evaluation_seq OWNED BY public.evaluations.id_evaluation;


--
-- Name: persons; Type: TABLE; Schema: public; Owner: @dminvincul@cion2022
--

CREATE TABLE public.persons (
    id_person bigint NOT NULL,
    name_person character varying(50) NOT NULL,
    lastname_person character varying(50) NOT NULL,
    email_person character varying(75) NOT NULL,
    password_person character varying(64) NOT NULL,
    type_person character(1) NOT NULL,
    pathimg_person character varying(300),
    codeverification_person character varying(15),
    datereg_person timestamp(3) without time zone NOT NULL,
    dateupdate_person timestamp(3) without time zone NOT NULL,
    provider_person character varying(20),
    id_location character varying(20)
);


ALTER TABLE public.persons OWNER TO "@dminvincul@cion2022";

--
-- Name: persons_courses; Type: TABLE; Schema: public; Owner: @dminvincul@cion2022
--

CREATE TABLE public.persons_courses (
    id_person_course bigint NOT NULL,
    datereg_person_course timestamp(3) without time zone NOT NULL,
    state_person_course character(1) NOT NULL,
    courses_id_course bigint NOT NULL,
    persons_id_person bigint NOT NULL
);


ALTER TABLE public.persons_courses OWNER TO "@dminvincul@cion2022";

--
-- Name: persons_courses_id_person_course_seq; Type: SEQUENCE; Schema: public; Owner: @dminvincul@cion2022
--

CREATE SEQUENCE public.persons_courses_id_person_course_seq
    START WITH 1
    INCREMENT BY 1
    NO MINVALUE
    NO MAXVALUE
    CACHE 1;


ALTER TABLE public.persons_courses_id_person_course_seq OWNER TO "@dminvincul@cion2022";

--
-- Name: persons_courses_id_person_course_seq; Type: SEQUENCE OWNED BY; Schema: public; Owner: @dminvincul@cion2022
--

ALTER SEQUENCE public.persons_courses_id_person_course_seq OWNED BY public.persons_courses.id_person_course;


--
-- Name: persons_evaluations; Type: TABLE; Schema: public; Owner: @dminvincul@cion2022
--

CREATE TABLE public.persons_evaluations (
    id_person_evaluation bigint NOT NULL,
    result_evaluation text,
    datereg_person_evaluation timestamp(3) without time zone,
    qualification_person_evaluation numeric(28,2),
    trynumber_person_evaluation integer,
    timespent_person_evaluation numeric(28,2),
    persons_id_person bigint NOT NULL,
    evaluations_id_evaluation bigint NOT NULL
);


ALTER TABLE public.persons_evaluations OWNER TO "@dminvincul@cion2022";

--
-- Name: persons_evaluations_id_person_evaluation_seq; Type: SEQUENCE; Schema: public; Owner: @dminvincul@cion2022
--

CREATE SEQUENCE public.persons_evaluations_id_person_evaluation_seq
    START WITH 1
    INCREMENT BY 1
    NO MINVALUE
    NO MAXVALUE
    CACHE 1;


ALTER TABLE public.persons_evaluations_id_person_evaluation_seq OWNER TO "@dminvincul@cion2022";

--
-- Name: persons_evaluations_id_person_evaluation_seq; Type: SEQUENCE OWNED BY; Schema: public; Owner: @dminvincul@cion2022
--

ALTER SEQUENCE public.persons_evaluations_id_person_evaluation_seq OWNED BY public.persons_evaluations.id_person_evaluation;


--
-- Name: persons_id_person_seq; Type: SEQUENCE; Schema: public; Owner: @dminvincul@cion2022
--

CREATE SEQUENCE public.persons_id_person_seq
    START WITH 1
    INCREMENT BY 1
    NO MINVALUE
    NO MAXVALUE
    CACHE 1;


ALTER TABLE public.persons_id_person_seq OWNER TO "@dminvincul@cion2022";

--
-- Name: persons_id_person_seq; Type: SEQUENCE OWNED BY; Schema: public; Owner: @dminvincul@cion2022
--

ALTER SEQUENCE public.persons_id_person_seq OWNED BY public.persons.id_person;


--
-- Name: question_category; Type: TABLE; Schema: public; Owner: @dminvincul@cion2022
--

CREATE TABLE public.question_category (
    id_questioncategory bigint NOT NULL,
    name_questioncategory character varying(30),
    state_questioncategory character(1) DEFAULT 'A'::bpchar
);


ALTER TABLE public.question_category OWNER TO "@dminvincul@cion2022";

--
-- Name: question_category_id_questioncategory_seq; Type: SEQUENCE; Schema: public; Owner: @dminvincul@cion2022
--

CREATE SEQUENCE public.question_category_id_questioncategory_seq
    START WITH 1
    INCREMENT BY 1
    NO MINVALUE
    NO MAXVALUE
    CACHE 1;


ALTER TABLE public.question_category_id_questioncategory_seq OWNER TO "@dminvincul@cion2022";

--
-- Name: question_category_id_questioncategory_seq; Type: SEQUENCE OWNED BY; Schema: public; Owner: @dminvincul@cion2022
--

ALTER SEQUENCE public.question_category_id_questioncategory_seq OWNED BY public.question_category.id_questioncategory;


--
-- Name: questions; Type: TABLE; Schema: public; Owner: @dminvincul@cion2022
--

CREATE TABLE public.questions (
    id_question bigint NOT NULL,
    title_question character varying(200) NOT NULL,
    description_question character varying(500) NOT NULL,
    pathurlsign_question character varying(200),
    points_question boolean,
    maximumpoints_question integer DEFAULT 0,
    state_question character varying(1) NOT NULL,
    evaluations_id_evaluation bigint NOT NULL,
    level_question integer DEFAULT 0,
    question_category_id_questioncategory bigint,
    pathurlvideo_question character varying(200),
    pathurlfile_question character varying(200),
    feedback_question character varying(200),
    hint_question character varying(200)
);


ALTER TABLE public.questions OWNER TO "@dminvincul@cion2022";

--
-- Name: questions_id_question_seq; Type: SEQUENCE; Schema: public; Owner: @dminvincul@cion2022
--

CREATE SEQUENCE public.questions_id_question_seq
    START WITH 1
    INCREMENT BY 1
    NO MINVALUE
    NO MAXVALUE
    CACHE 1;


ALTER TABLE public.questions_id_question_seq OWNER TO "@dminvincul@cion2022";

--
-- Name: questions_id_question_seq; Type: SEQUENCE OWNED BY; Schema: public; Owner: @dminvincul@cion2022
--

ALTER SEQUENCE public.questions_id_question_seq OWNED BY public.questions.id_question;


--
-- Name: resources; Type: TABLE; Schema: public; Owner: @dminvincul@cion2022
--

CREATE TABLE public.resources (
    id_resource bigint NOT NULL,
    name_resource character varying(50) NOT NULL,
    pathfile_resource character varying(200),
    pathvideo_resource character varying(200),
    pathurlsign_resource character varying(200),
    datereg_resource timestamp(3) without time zone,
    dateupdate_resource timestamp(3) without time zone,
    state_resource character(1) NOT NULL,
    topics_id_topic bigint NOT NULL,
    description_resource character varying(500),
    pathurlremote_resource character varying(200)
);


ALTER TABLE public.resources OWNER TO "@dminvincul@cion2022";

--
-- Name: resources_id_resource_seq; Type: SEQUENCE; Schema: public; Owner: @dminvincul@cion2022
--

CREATE SEQUENCE public.resources_id_resource_seq
    START WITH 1
    INCREMENT BY 1
    NO MINVALUE
    NO MAXVALUE
    CACHE 1;


ALTER TABLE public.resources_id_resource_seq OWNER TO "@dminvincul@cion2022";

--
-- Name: resources_id_resource_seq; Type: SEQUENCE OWNED BY; Schema: public; Owner: @dminvincul@cion2022
--

ALTER SEQUENCE public.resources_id_resource_seq OWNED BY public.resources.id_resource;


--
-- Name: settings; Type: TABLE; Schema: public; Owner: @dminvincul@cion2022
--

CREATE TABLE public.settings (
    id_setting bigint NOT NULL,
    datereg_setting timestamp(3) without time zone NOT NULL,
    dateupdate_setting timestamp(3) without time zone NOT NULL,
    setting_configuration text NOT NULL,
    persons_id_person bigint NOT NULL
);


ALTER TABLE public.settings OWNER TO "@dminvincul@cion2022";

--
-- Name: settings_id_setting_seq; Type: SEQUENCE; Schema: public; Owner: @dminvincul@cion2022
--

CREATE SEQUENCE public.settings_id_setting_seq
    START WITH 1
    INCREMENT BY 1
    NO MINVALUE
    NO MAXVALUE
    CACHE 1;


ALTER TABLE public.settings_id_setting_seq OWNER TO "@dminvincul@cion2022";

--
-- Name: settings_id_setting_seq; Type: SEQUENCE OWNED BY; Schema: public; Owner: @dminvincul@cion2022
--

ALTER SEQUENCE public.settings_id_setting_seq OWNED BY public.settings.id_setting;


--
-- Name: syllabus; Type: TABLE; Schema: public; Owner: @dminvincul@cion2022
--

CREATE TABLE public.syllabus (
    id_syllabu bigint NOT NULL,
    name_syllabu character varying(75) NOT NULL,
    description_syllabu character varying(500) NOT NULL,
    keywords_syllabu text,
    pathimg_syllabus character varying(250),
    datereg_syllabu timestamp(3) without time zone NOT NULL,
    dateupdate_syllabu timestamp(3) without time zone NOT NULL,
    state_syllabu character(1) NOT NULL,
    courses_id_course bigint NOT NULL
);


ALTER TABLE public.syllabus OWNER TO "@dminvincul@cion2022";

--
-- Name: syllabus_id_syllabu_seq; Type: SEQUENCE; Schema: public; Owner: @dminvincul@cion2022
--

CREATE SEQUENCE public.syllabus_id_syllabu_seq
    START WITH 1
    INCREMENT BY 1
    NO MINVALUE
    NO MAXVALUE
    CACHE 1;


ALTER TABLE public.syllabus_id_syllabu_seq OWNER TO "@dminvincul@cion2022";

--
-- Name: syllabus_id_syllabu_seq; Type: SEQUENCE OWNED BY; Schema: public; Owner: @dminvincul@cion2022
--

ALTER SEQUENCE public.syllabus_id_syllabu_seq OWNED BY public.syllabus.id_syllabu;


--
-- Name: topics; Type: TABLE; Schema: public; Owner: @dminvincul@cion2022
--

CREATE TABLE public.topics (
    id_topic bigint NOT NULL,
    name_topic character varying(75) NOT NULL,
    description_topic character varying(500) NOT NULL,
    keywords_topic text,
    pathimg_topic character varying(250),
    datereg_topic timestamp(3) without time zone NOT NULL,
    dateupdate_topic timestamp(3) without time zone NOT NULL,
    state_topic character(1) NOT NULL,
    syllabus_id_syllabu bigint NOT NULL
);


ALTER TABLE public.topics OWNER TO "@dminvincul@cion2022";

--
-- Name: topics_id_topic_seq; Type: SEQUENCE; Schema: public; Owner: @dminvincul@cion2022
--

CREATE SEQUENCE public.topics_id_topic_seq
    START WITH 1
    INCREMENT BY 1
    NO MINVALUE
    NO MAXVALUE
    CACHE 1;


ALTER TABLE public.topics_id_topic_seq OWNER TO "@dminvincul@cion2022";

--
-- Name: topics_id_topic_seq; Type: SEQUENCE OWNED BY; Schema: public; Owner: @dminvincul@cion2022
--

ALTER SEQUENCE public.topics_id_topic_seq OWNED BY public.topics.id_topic;


--
-- Name: utils; Type: TABLE; Schema: public; Owner: @dminvincul@cion2022
--

CREATE TABLE public.utils (
    key_util character varying(50) NOT NULL,
    value_util text NOT NULL
);


ALTER TABLE public.utils OWNER TO "@dminvincul@cion2022";

--
-- Name: answers id_answer; Type: DEFAULT; Schema: public; Owner: @dminvincul@cion2022
--

ALTER TABLE ONLY public.answers ALTER COLUMN id_answer SET DEFAULT nextval('public.answers_id_answer_seq'::regclass);


--
-- Name: courses id_course; Type: DEFAULT; Schema: public; Owner: @dminvincul@cion2022
--

ALTER TABLE ONLY public.courses ALTER COLUMN id_course SET DEFAULT nextval('public.courses_id_course_seq'::regclass);


--
-- Name: evaluations id_evaluation; Type: DEFAULT; Schema: public; Owner: @dminvincul@cion2022
--

ALTER TABLE ONLY public.evaluations ALTER COLUMN id_evaluation SET DEFAULT nextval('public.evaluations_id_evaluation_seq'::regclass);


--
-- Name: persons id_person; Type: DEFAULT; Schema: public; Owner: @dminvincul@cion2022
--

ALTER TABLE ONLY public.persons ALTER COLUMN id_person SET DEFAULT nextval('public.persons_id_person_seq'::regclass);


--
-- Name: persons_courses id_person_course; Type: DEFAULT; Schema: public; Owner: @dminvincul@cion2022
--

ALTER TABLE ONLY public.persons_courses ALTER COLUMN id_person_course SET DEFAULT nextval('public.persons_courses_id_person_course_seq'::regclass);


--
-- Name: persons_evaluations id_person_evaluation; Type: DEFAULT; Schema: public; Owner: @dminvincul@cion2022
--

ALTER TABLE ONLY public.persons_evaluations ALTER COLUMN id_person_evaluation SET DEFAULT nextval('public.persons_evaluations_id_person_evaluation_seq'::regclass);


--
-- Name: question_category id_questioncategory; Type: DEFAULT; Schema: public; Owner: @dminvincul@cion2022
--

ALTER TABLE ONLY public.question_category ALTER COLUMN id_questioncategory SET DEFAULT nextval('public.question_category_id_questioncategory_seq'::regclass);


--
-- Name: questions id_question; Type: DEFAULT; Schema: public; Owner: @dminvincul@cion2022
--

ALTER TABLE ONLY public.questions ALTER COLUMN id_question SET DEFAULT nextval('public.questions_id_question_seq'::regclass);


--
-- Name: resources id_resource; Type: DEFAULT; Schema: public; Owner: @dminvincul@cion2022
--

ALTER TABLE ONLY public.resources ALTER COLUMN id_resource SET DEFAULT nextval('public.resources_id_resource_seq'::regclass);


--
-- Name: settings id_setting; Type: DEFAULT; Schema: public; Owner: @dminvincul@cion2022
--

ALTER TABLE ONLY public.settings ALTER COLUMN id_setting SET DEFAULT nextval('public.settings_id_setting_seq'::regclass);


--
-- Name: syllabus id_syllabu; Type: DEFAULT; Schema: public; Owner: @dminvincul@cion2022
--

ALTER TABLE ONLY public.syllabus ALTER COLUMN id_syllabu SET DEFAULT nextval('public.syllabus_id_syllabu_seq'::regclass);


--
-- Name: topics id_topic; Type: DEFAULT; Schema: public; Owner: @dminvincul@cion2022
--

ALTER TABLE ONLY public.topics ALTER COLUMN id_topic SET DEFAULT nextval('public.topics_id_topic_seq'::regclass);


--
-- Name: 76372; Type: BLOB; Schema: -; Owner: @dminvincul@cion2022
--

SELECT pg_catalog.lo_create('76372');


ALTER LARGE OBJECT 76372 OWNER TO "@dminvincul@cion2022";

--
-- Name: 76373; Type: BLOB; Schema: -; Owner: @dminvincul@cion2022
--

SELECT pg_catalog.lo_create('76373');


ALTER LARGE OBJECT 76373 OWNER TO "@dminvincul@cion2022";

--
-- Data for Name: answers; Type: TABLE DATA; Schema: public; Owner: @dminvincul@cion2022
--

COPY public.answers (id_answer, options_answer, datereg_answer, dateupdate_answer, questions_id_question) FROM stdin;
92	[\n      {\n         "opcion": "GRASS",\n         "correct": "No",\n         "resource": ""\n\n      },\n      {\n         "opcion": "GvSIG",\n         "correct": "No",\n         "resource": ""\n      },  \n      {\n         "opcion": "QGIS",\n         "correct": "No",\n         "resource": ""\n      },\n      {\n         "opcion": "ArcGIS",\n         "correct": "Yes",\n         "resource": ""\n      }\n   ]\n	2022-08-26 09:34:25.379	2022-08-26 09:34:25.379	69
93	[\n      {\n         "opcion": "De forma horizontal y vertical",\n         "correct": "Yes",\n         "resource": ""\n\n      },\n      {\n         "opcion": "De forma curva y plana",\n         "correct": "No",\n         "resource": ""\n      },  \n      {\n         "opcion": "De forma geogrfica",\n         "correct": "No",\n         "resource": ""\n      },\n      {\n         "opcion": "De forma diagonal e inclinada",\n         "correct": "No",\n         "resource": ""\n      }\n   ]	2022-08-26 09:36:52.581	2022-08-26 09:36:52.581	70
94	[\n      {\n         "opcion": "Modelo entidad-relacin",\n         "correct": "No",\n         "resource": ""\n\n      },\n      {\n         "opcion": "Modelo de datos tridimensionales",\n         "correct": "No",\n         "resource": ""\n      },  \n      {\n         "opcion": "Modelo de datos vectorial",\n         "correct": "Yes",\n         "resource": ""\n      },\n      {\n         "opcion": "Modelo incremental",\n         "correct": "No",\n         "resource": ""\n      },\n      {\n         "opcion": "Modelo de datos rster",\n         "correct": "No",\n         "resource": ""\n      },\n      {\n         "opcion": "Modelo vista controlador",\n         "correct": "No",\n         "resource": ""\n      }\n]	2022-08-26 09:41:45.414	2022-08-26 09:41:45.414	71
96	[\n      {\n         "opcion": "Tiene una componente espacial y una temtica.",\n         "correct": "Yes",\n         "resource": ""\n\n      },\n      {\n         "opcion": "Tiene nicamente una componente temtica.",\n         "correct": "No",\n         "resource": ""\n      },  \n      {\n         "opcion": "Tiene un valor para representar.",\n         "correct": "No",\n         "resource": ""\n      },\n      {\n         "opcion": "Tiene una componente topolgica.",\n         "correct": "No",\n         "resource": ""\n      },\n      {\n         "opcion": "Tiene valores sin significado.",\n         "correct": "No",\n         "resource": ""\n      }\n]\n	2022-08-26 09:43:46.506	2022-08-26 09:43:46.506	73
95	[\n      {\n         "opcion": "De cardinalidad",\n         "correct": "No",\n         "resource": ""\n\n      },\n      {\n         "opcion": "Espacial",\n         "correct": "No",\n         "resource": ""\n      },  \n      {\n         "opcion": "Topologa",\n         "correct": "Yes",\n         "resource": ""\n      },\n      {\n         "opcion": "De identificacin",\n         "correct": "No",\n         "resource": ""\n      },\n      {\n         "opcion": "Recursiva",\n         "correct": "No",\n         "resource": ""\n      }\n]\n	2022-08-26 09:42:31.888	2022-08-26 09:42:31.888	72
70	{\n  "opcion": "EL TECLADO"\n}\n	2022-08-22 00:34:21	2022-08-22 00:34:23	47
69	{\n  "opcion": "TECLADO"\n}\n	2022-08-22 00:34:20	2022-08-22 00:34:22	46
5	[\n      {\n         "opcion": "",\n         "correct": "No",\n         "resource": "https://fyc.uteq.edu.ec:9549/api/files/EQnByY3S4e7H4Fg/6SqR0F0pC1GK7Iq/uqWEFxONWUjcwhmv6sJB8RAtvpXBHZiZ.jpg"\n\n      },\n      {\n         "opcion": "",\n         "correct": "Yes",\n         "resource": "https://fyc.uteq.edu.ec:9549/api/files/EQnByY3S4e7H4Fg/iEheso94ithGkXd/nw0EoFgE7Z3HWKffKQBpDAm3M2yDrypI.jpg"\n      },\n      {\n         "opcion": "",\n         "correct": "No",\n         "resource": "https://fyc.uteq.edu.ec:9549/api/files/EQnByY3S4e7H4Fg/W54TkubCDeTaKez/FCk4JgsEt6bdovNM6xuRWsJD023gKgi1.jpg"\n      }\n   ]\n\n	2022-08-11 23:55:00	2022-08-11 23:55:01	5
1	[\n      {\n         "opcion": "",\n         "correct": "Yes",\n         "resource": "https://fyc.uteq.edu.ec:9549/api/files/EQnByY3S4e7H4Fg/LiDPPahidwF7SG6/1qSFndIK47UoiuSnN8cPxLTtw6cIdypP.jpeg"\n\n      },\n      {\n         "opcion": "",\n         "correct": "No",\n         "resource": "https://fyc.uteq.edu.ec:9549/api/files/EQnByY3S4e7H4Fg/NyHfWnrIzg9O8gN/ztzXCrvlBamJ7kPjsmR8YUaqTyTDVEWV.jpg"\n      },\n      {\n         "opcion": "",\n         "correct": "No",\n         "resource": "https://fyc.uteq.edu.ec:9549/api/files/EQnByY3S4e7H4Fg/giBtuo7vQVl9uID/XaeuOAHIYexdh2zeWTOofYIc0DPaEI8k.png"\n      },  \n      {\n         "opcion": "",\n         "correct": "Yes",\n         "resource": "https://fyc.uteq.edu.ec:9549/api/files/EQnByY3S4e7H4Fg/7LwDskH1RA6fEpf/oBYgG7sQbhA8zW4GyGRDVS1LlunekkOl.png"\n      }\n   ]\n\n	2022-08-10 23:41:44	2022-08-10 23:41:47	1
2	[\n      {\n         "opcion": "Escribir",\n         "correct": "Yes",\n         "resource": ""\n\n      },\n      {\n         "opcion": "Comer",\n         "correct": "No",\n         "resource": ""\n      },  \n      {\n         "opcion": "Tomar bebidas",\n         "correct": "No",\n         "resource": ""\n      },\n      {\n         "opcion": "Ninguna de las anteriores",\n         "correct": "No",\n         "resource": ""\n      },\n      {\n         "opcion": "Todas las anteriores",\n         "correct": "No",\n         "resource": ""\n      }\n   ]\n\n	2022-08-10 23:42:17	2022-08-10 23:42:19	2
6	[\n      {\n         "opcion": "Mixto",\n         "correct": "No",\n         "resource": ""\n\n      },\n      {\n         "opcion": "Entrada",\n         "correct": "No",\n         "resource": ""\n      },  \n      {\n         "opcion": "Almacenamiento",\n         "correct": "No",\n         "resource": ""\n      },\n      {\n         "opcion": "Salida",\n         "correct": "Yes",\n         "resource": ""\n      }\n   ]\n\n	2022-08-12 00:00:10	2022-08-12 00:00:05	6
7	[\n      {\n         "opcion": "1936",\n         "correct": "No",\n         "resource": ""\n\n      },\n      {\n         "opcion": "1950",\n         "correct": "Yes",\n         "resource": ""\n      },  \n      {\n         "opcion": "1930",\n         "correct": "Yes",\n         "resource": ""\n      }\n   ]\n\n	2022-08-12 00:03:14	2022-08-12 00:03:15	7
8	[\n      {\n         "resource": "https://fyc.uteq.edu.ec:9549/api/files/EQnByY3S4e7H4Fg/pw7UaSdVPpo3CUc/Svk0AdtmW5TLtToVcaMbGmAwlcWIAupi.jpg",\n         "correct": "No",\n         "opcion": ""\n\n      },\n      {\n         "resource": "https://fyc.uteq.edu.ec:9549/api/files/EQnByY3S4e7H4Fg/3EaDzE7tRxqOVoe/LFrKFndj1hfpcmpVDx0M4uiZYCTMjHeB.jpg",\n         "correct": "Yes",\n         "opcion": ""\n      },  \n      {\n         "resource": "https://fyc.uteq.edu.ec:9549/api/files/EQnByY3S4e7H4Fg/inRX7zpOsGuK6zL/S7hxhfvPNfkq6wRXNtwVDq5ktqOUIyd7.jpg",\n         "correct": "Yes",\n         "opcion": ""\n      },  \n      {\n         "resource": "https://fyc.uteq.edu.ec:9549/api/files/EQnByY3S4e7H4Fg/7hgqiVew6wibW2M/AgtvD6GMBl9cVEf7Ff3HRCklrQKGM8hf.jpg",\n         "correct": "No",\n         "opcion": ""\n      }\n   ]\n\n	2022-08-12 00:06:36	2022-08-12 00:06:38	8
9	[\n      {\n         "resource": "https://fyc.uteq.edu.ec:9549/api/files/EQnByY3S4e7H4Fg/T1FiFxpJ5FFIhGQ/zhEgEH6oitiX58awBRtlf2bNnu2V9aqD.png",\n         "correct": "No",\n         "opcion": ""\n\n      },\n      {\n         "resource": "https://fyc.uteq.edu.ec:9549/api/files/EQnByY3S4e7H4Fg/HW478gH7DJ8BNFt/HxQSv1uaVwGoXHWI3gJ5udulfcnUfDOk.jpg",\n         "correct": "Yes",\n         "opcion": ""\n      }\n   ]\n\n	2022-08-12 00:06:58	2022-08-12 00:06:57	9
72	{\n  "resource": "https://fyc.uteq.edu.ec:9549/api/files/EQnByY3S4e7H4Fg/ZHqPxlcCPP7nP8M/8RLt50eSWN2YRABJKFgI53OAEDtstQg9.jpg", \n  "piece_questionarie":9\n}	2022-08-25 00:07:22	2022-08-25 00:07:30	49
73	{\n  "resource": "https://fyc.uteq.edu.ec:9549/api/files/EQnByY3S4e7H4Fg/ZHqPxlcCPP7nP8M/8RLt50eSWN2YRABJKFgI53OAEDtstQg9.jpg", \n  "piece_questionarie":9\n}	2022-08-25 00:07:22	2022-08-25 00:07:31	50
10	[\n                       {\n                         "rightSide":"Monitor",\n                         "resourse_rightSide":"",\n                         "leftSide":"",                         "resourse_leftSide":"https://fyc.uteq.edu.ec:9549/api/files/EQnByY3S4e7H4Fg/VlRSQeUvJjD6dtv/HpDs37BAy9FsqE7f7UIpHVUnITBabFGs.jpg"\n                       },{\n                         "rightSide":"Teclado",\n                         "resourse_rightSide":"",\n                         "leftSide":"",                         "resourse_leftSide":"https://fyc.uteq.edu.ec:9549/api/files/EQnByY3S4e7H4Fg/Rn0bEESFoRaWsqo/yxb8lF4AwXB08RSyf6liDf0F8ZOXTJ8D.png"\n                       },{\n                         "rightSide":"Mouse",\n                         "resourse_rightSide":"",\n                         "leftSide":"",                         "resourse_leftSide":"https://fyc.uteq.edu.ec:9549/api/files/EQnByY3S4e7H4Fg/ZHqPxlcCPP7nP8M/8RLt50eSWN2YRABJKFgI53OAEDtstQg9.jpg"\n                       },{\n                         "rightSide":"Audifonos",\n                         "resourse_rightSide":"",\n                         "leftSide":"",                         "resourse_leftSide":"https://fyc.uteq.edu.ec:9549/api/files/EQnByY3S4e7H4Fg/4b2aTKbPK0nWScQ/2oGyTY5u5Tq90kMAu6M0B6eUqyPHsn3d.jpg"\n                       }\n                       \n   ]	2022-08-12 01:22:06	2022-08-12 01:22:11	10
11	[\n      {\n         "description_question": "El computador es una mquina {$option$} diseada para la manipulacin y procesamiento de {$option$}.",\n         "description_question_R": "El computador es una mquina electrnica diseada para la manipulacin y procesamiento de datos.",\n         "options": [\n                       {\n                         "option":"electrnica",\n                         "resource":""\n                       },\n                       {\n                         "option":"datos",\n                         "resource":""\n                       },\n                       {\n                         "option":"asesina",\n                         "resource":""\n                       },\n                       {\n                         "option":"comida",\n                         "resource":""\n \n                       }\n                    ]\n\n      }\n   ]	2022-08-12 01:22:38	2022-08-12 01:22:40	11
13	[\n      {\n         "opcion": "Entrada y Salida",\n         "correct": "No",\n         "resource": ""\n\n      },\n      {\n         "opcion": "Entrada",\n         "correct": "Yes",\n         "resource": ""\n      },  \n      {\n         "opcion": "Salida",\n         "correct": "No",\n         "resource": ""\n      },\n      {\n         "opcion": "Almacenamiento",\n         "correct": "No",\n         "resource": ""\n      }\n   ]\n\n	2022-08-14 23:10:10	2022-08-14 23:10:12	13
12	[\n    {\n     "rightSide":"Monitor",\n     "resourse_rightSide":"",\n     "leftSide":"Sirve para visualizar informacin",\n     "resourse_leftSide":""\n    },{\n     "rightSide":"Teclado",\n     "resourse_rightSide":"",\n     "leftSide":"Se usa para escribir",\n      "resourse_leftSide":""\n    },{\n     "rightSide":"Mouse",\n     "resourse_rightSide":"",\n     "leftSide":"Se utiliza para movernos con el cursos",\n     "resourse_leftSide":""\n    },{\n    "rightSide":"Audifnos",\n    "resourse_rightSide":"",\n    "leftSide":"Es usado para escuchar audios",\n    "resourse_leftSide":""\n    }                       \n]\n	2022-08-12 05:27:17	2022-08-12 06:27:19	12
35	[\n      {\n         "opcion": "",\n         "correct": "Yes",\n         "resource": "https://fyc.uteq.edu.ec:9549/api/files/EQnByY3S4e7H4Fg/LiDPPahidwF7SG6/1qSFndIK47UoiuSnN8cPxLTtw6cIdypP.jpeg"\n\n      },\n      {\n         "opcion": "",\n         "correct": "No",\n         "resource": "https://fyc.uteq.edu.ec:9549/api/files/EQnByY3S4e7H4Fg/NyHfWnrIzg9O8gN/ztzXCrvlBamJ7kPjsmR8YUaqTyTDVEWV.jpg"\n      },\n      {\n         "opcion": "",\n         "correct": "No",\n         "resource": "https://fyc.uteq.edu.ec:9549/api/files/EQnByY3S4e7H4Fg/giBtuo7vQVl9uID/XaeuOAHIYexdh2zeWTOofYIc0DPaEI8k.png"\n      },  \n      {\n         "opcion": "",\n         "correct": "Yes",\n         "resource": "https://fyc.uteq.edu.ec:9549/api/files/EQnByY3S4e7H4Fg/7LwDskH1RA6fEpf/oBYgG7sQbhA8zW4GyGRDVS1LlunekkOl.png"\n      }\n   ]\n\n	2022-08-16 23:34:44	2022-08-16 23:34:45	14
36	[\n      {\n         "opcion": "Escribir",\n         "correct": "Yes",\n         "resource": ""\n\n      },\n      {\n         "opcion": "Comer",\n         "correct": "No",\n         "resource": ""\n      },  \n      {\n         "opcion": "Tomar bebidas",\n         "correct": "No",\n         "resource": ""\n      },\n      {\n         "opcion": "Ninguna de las anteriores",\n         "correct": "No",\n         "resource": ""\n      },\n      {\n         "opcion": "Todas las anteriores",\n         "correct": "No",\n         "resource": ""\n      }\n   ]\n\n	2022-08-16 23:35:34	2022-08-16 23:35:42	15
38	[\n      {\n         "opcion": "Mixto",\n         "correct": "No",\n         "resource": ""\n\n      },\n      {\n         "opcion": "Entrada",\n         "correct": "No",\n         "resource": ""\n      },  \n      {\n         "opcion": "Almacenamiento",\n         "correct": "No",\n         "resource": ""\n      },\n      {\n         "opcion": "Salida",\n         "correct": "Yes",\n         "resource": ""\n      }\n   ]\n\n	2022-08-16 23:35:34	2022-08-16 23:35:42	17
39	[\n      {\n         "resource": "https://fyc.uteq.edu.ec:9549/api/files/EQnByY3S4e7H4Fg/T1FiFxpJ5FFIhGQ/zhEgEH6oitiX58awBRtlf2bNnu2V9aqD.png",\n         "correct": "No",\n         "opcion": ""\n\n      },\n      {\n         "resource": "https://fyc.uteq.edu.ec:9549/api/files/EQnByY3S4e7H4Fg/HW478gH7DJ8BNFt/HxQSv1uaVwGoXHWI3gJ5udulfcnUfDOk.jpg",\n         "correct": "Yes",\n         "opcion": ""\n      }\n   ]\n\n	2022-08-16 23:35:34	2022-08-16 23:35:42	20
37	[\n      {\n         "opcion": "",\n         "correct": "No",\n         "resource": "https://fyc.uteq.edu.ec:9549/api/files/EQnByY3S4e7H4Fg/6SqR0F0pC1GK7Iq/uqWEFxONWUjcwhmv6sJB8RAtvpXBHZiZ.jpg"\n\n      },\n      {\n         "opcion": "",\n         "correct": "Yes",\n         "resource": "https://fyc.uteq.edu.ec:9549/api/files/EQnByY3S4e7H4Fg/iEheso94ithGkXd/nw0EoFgE7Z3HWKffKQBpDAm3M2yDrypI.jpg"\n      },\n      {\n         "opcion": "",\n         "correct": "No",\n         "resource": "https://fyc.uteq.edu.ec:9549/api/files/EQnByY3S4e7H4Fg/W54TkubCDeTaKez/FCk4JgsEt6bdovNM6xuRWsJD023gKgi1.jpg"\n      }\n   ]\n\n	2022-08-16 23:35:34	2022-08-16 23:35:42	16
44	[\n    {\n     "rightSide":"Monitor",\n     "resourse_rightSide":"",\n     "leftSide":"Sirve para visualizar informacin",\n     "resourse_leftSide":""\n    },{\n     "rightSide":"Teclado",\n     "resourse_rightSide":"",\n     "leftSide":"Se usa para escribir",\n      "resourse_leftSide":""\n    },{\n     "rightSide":"Mouse",\n     "resourse_rightSide":"",\n     "leftSide":"Se utiliza para movernos con el cursos",\n     "resourse_leftSide":""\n    },{\n    "rightSide":"Audifnos",\n    "resourse_rightSide":"",\n    "leftSide":"Es usado para escuchar audios",\n    "resourse_leftSide":""\n    }                       \n]\n	2022-08-16 23:37:18	2022-08-16 23:37:20	23
42	[\n      {\n         "resource": "https://fyc.uteq.edu.ec:9549/api/files/EQnByY3S4e7H4Fg/pw7UaSdVPpo3CUc/Svk0AdtmW5TLtToVcaMbGmAwlcWIAupi.jpg",\n         "correct": "No",\n         "opcion": ""\n\n      },\n      {\n         "resource": "https://fyc.uteq.edu.ec:9549/api/files/EQnByY3S4e7H4Fg/3EaDzE7tRxqOVoe/LFrKFndj1hfpcmpVDx0M4uiZYCTMjHeB.jpg",\n         "correct": "Yes",\n         "opcion": ""\n      },  \n      {\n         "resource": "https://fyc.uteq.edu.ec:9549/api/files/EQnByY3S4e7H4Fg/inRX7zpOsGuK6zL/S7hxhfvPNfkq6wRXNtwVDq5ktqOUIyd7.jpg",\n         "correct": "Yes",\n         "opcion": ""\n      },  \n      {\n         "resource": "https://fyc.uteq.edu.ec:9549/api/files/EQnByY3S4e7H4Fg/7hgqiVew6wibW2M/AgtvD6GMBl9cVEf7Ff3HRCklrQKGM8hf.jpg",\n         "correct": "No",\n         "opcion": ""\n      }\n   ]\n\n	2022-08-16 23:35:34	2022-08-16 23:35:42	19
43	[\n                       {\n                         "rightSide":"Monitor",\n                         "resourse_rightSide":"",\n                         "leftSide":"",                         "resourse_leftSide":"https://fyc.uteq.edu.ec:9549/api/files/EQnByY3S4e7H4Fg/VlRSQeUvJjD6dtv/HpDs37BAy9FsqE7f7UIpHVUnITBabFGs.jpg"\n                       },{\n                         "rightSide":"Teclado",\n                         "resourse_rightSide":"",\n                         "leftSide":"",                         "resourse_leftSide":"https://fyc.uteq.edu.ec:9549/api/files/EQnByY3S4e7H4Fg/Rn0bEESFoRaWsqo/yxb8lF4AwXB08RSyf6liDf0F8ZOXTJ8D.png"\n                       },{\n                         "rightSide":"Mouse",\n                         "resourse_rightSide":"",\n                         "leftSide":"",                         "resourse_leftSide":"https://fyc.uteq.edu.ec:9549/api/files/EQnByY3S4e7H4Fg/ZHqPxlcCPP7nP8M/8RLt50eSWN2YRABJKFgI53OAEDtstQg9.jpg"\n                       },{\n                         "rightSide":"Audifonos",\n                         "resourse_rightSide":"",\n                         "leftSide":"",                         "resourse_leftSide":"https://fyc.uteq.edu.ec:9549/api/files/EQnByY3S4e7H4Fg/4b2aTKbPK0nWScQ/2oGyTY5u5Tq90kMAu6M0B6eUqyPHsn3d.jpg"\n                       }\n                       \n   ]	2022-08-16 23:35:34	2022-08-16 23:35:42	21
40	[\n      {\n         "opcion": "1936",\n         "correct": "No",\n         "resource": ""\n\n      },\n      {\n         "opcion": "1950",\n         "correct": "Yes",\n         "resource": ""\n      },  \n      {\n         "opcion": "1930",\n         "correct": "Yes",\n         "resource": ""\n      }\n   ]\n\n	2022-08-16 23:35:34	2022-08-16 23:35:42	18
41	[\n      {\n         "description_question": "El computador es una mquina {$option$} diseada para la manipulacin y procesamiento de {$option$}.",\n         "description_question_R": "El computador es una mquina electrnica diseada para la manipulacin y procesamiento de datos.",\n         "options": [\n                       {\n                         "option":"electrnica",\n                         "resource":""\n                       },\n                       {\n                         "option":"datos",\n                         "resource":""\n                       },\n                       {\n                         "option":"asesina",\n                         "resource":""\n                       },\n                       {\n                         "option":"comida",\n                         "resource":""\n \n                       }\n                    ]\n\n      }\n   ]	2022-08-16 23:35:34	2022-08-16 23:35:42	22
45	[\n      {\n         "opcion": "Entrada y Salida",\n         "correct": "No",\n         "resource": ""\n\n      },\n      {\n         "opcion": "Entrada",\n         "correct": "Yes",\n         "resource": ""\n      },  \n      {\n         "opcion": "Salida",\n         "correct": "No",\n         "resource": ""\n      },\n      {\n         "opcion": "Almacenamiento",\n         "correct": "No",\n         "resource": ""\n      }\n   ]\n\n	2022-08-16 23:37:20	2022-08-16 23:37:21	24
50	[\n      {\n         "description_question": "El computador es una mquina {$option$} diseada para la manipulacin y procesamiento de {$option$}.",\n         "description_question_R": "El computador es una mquina electrnica diseada para la manipulacin y procesamiento de datos.",\n         "options": [\n                       {\n                         "option":"electrnica",\n                         "resource":""\n                       },\n                       {\n                         "option":"datos",\n                         "resource":""\n                       },\n                       {\n                         "option":"asesina",\n                         "resource":""\n                       },\n                       {\n                         "option":"comida",\n                         "resource":""\n \n                       }\n                    ]\n\n      }\n   ]	2022-08-18 23:22:45	2022-08-18 23:22:45	29
51	[\n      {\n         "description_question": "El {$option$} sirve para ingresar informacin escribiendo",\n         "description_question_R": "El teclado sirve para ingresar informacin escribiendo",\n         "options": [\n                       {\n                         "option":"teclado",\n                         "resource":"https://fyc.uteq.edu.ec:9549/api/files/EQnByY3S4e7H4Fg/mauwdytC026LRs3/hqg2wbp9GXb4c2A7SOs0RIX0e2xEBKKb.jpg"\n                       },\n                       {\n                         "option":"monitor",\n                         "resource":"https://fyc.uteq.edu.ec:9549/api/files/EQnByY3S4e7H4Fg/VlRSQeUvJjD6dtv/HpDs37BAy9FsqE7f7UIpHVUnITBabFGs.jpg"\n                       },\n                       {\n                         "option":"mouse",\n                         "resource":"https://fyc.uteq.edu.ec:9549/api/files/EQnByY3S4e7H4Fg/ZHqPxlcCPP7nP8M/8RLt50eSWN2YRABJKFgI53OAEDtstQg9.jpg"\n                       },\n                       {\n                         "option":"UPS",\n                         "resource":"https://fyc.uteq.edu.ec:9549/api/files/EQnByY3S4e7H4Fg/hWjDZ5sBbXpB9aR/PZi2jBZofybjfy2EmaNoXoSVabfqqsEB.jpg"\n \n                       }\n                    ]\n\n      }\n   ]	2022-08-18 23:22:45	2022-08-18 23:22:45	30
47	[\n      {\n         "opcion": "Verdadero",\n         "correct": "Yes"\n      },\n      {\n         "opcion": "Falso",\n         "correct": "No"\n      }\n]\n	2022-08-18 23:07:06	2022-08-18 23:07:07	26
48	[\n      {\n         "opcion": "Verdadero",\n         "correct": "No"\n      },\n      {\n         "opcion": "Falso",\n         "correct": "Yes"\n      }\n]\n	2022-08-18 23:07:05	2022-08-18 23:07:07	27
49	[\n      {\n         "opcion": "Verdadero",\n         "correct": "No"\n      },\n      {\n         "opcion": "Falso",\n         "correct": "Yes"\n      }\n]\n	2022-08-18 23:07:06	2022-08-18 23:07:07	28
46	[\n      {\n         "opcion": "Verdadero",\n         "correct": "Yes"\n      },\n      {\n         "opcion": "Falso",\n         "correct": "No"\n      }\n]\n	2022-08-18 23:07:05	2022-08-18 23:07:07	25
66	[\n      {\n         "opcion": "",\n         "correct": "No",\n         "resource": "https://fyc.uteq.edu.ec:9549/api/files/EQnByY3S4e7H4Fg/6SqR0F0pC1GK7Iq/uqWEFxONWUjcwhmv6sJB8RAtvpXBHZiZ.jpg"\n\n      },\n      {\n         "opcion": "",\n         "correct": "Yes",\n         "resource": "https://fyc.uteq.edu.ec:9549/api/files/EQnByY3S4e7H4Fg/iEheso94ithGkXd/nw0EoFgE7Z3HWKffKQBpDAm3M2yDrypI.jpg"\n      },\n      {\n         "opcion": "",\n         "correct": "No",\n         "resource": "https://fyc.uteq.edu.ec:9549/api/files/EQnByY3S4e7H4Fg/W54TkubCDeTaKez/FCk4JgsEt6bdovNM6xuRWsJD023gKgi1.jpg"\n      }\n   ]\n\n	2022-08-21 00:41:27	2022-08-21 00:41:29	41
61	[\n      {\n         "opcion": "Escribir",\n         "correct": "Yes",\n         "resource": ""\n\n      },\n      {\n         "opcion": "Comer",\n         "correct": "No",\n         "resource": ""\n      },  \n      {\n         "opcion": "Tomar bebidas",\n         "correct": "No",\n         "resource": ""\n      },\n      {\n         "opcion": "Ninguna de las anteriores",\n         "correct": "No",\n         "resource": ""\n      },\n      {\n         "opcion": "Todas las anteriores",\n         "correct": "No",\n         "resource": ""\n      }\n   ]\n\n	2022-08-21 00:40:55	2022-08-21 00:40:55	34
55	[\n      {\n         "opcion": "1936",\n         "correct": "No",\n         "resource": ""\n\n      },\n      {\n         "opcion": "1950",\n         "correct": "Yes",\n         "resource": ""\n      },  \n      {\n         "opcion": "1930",\n         "correct": "Yes",\n         "resource": ""\n      }\n   ]\n\n	2022-08-21 00:40:46	2022-08-21 00:40:46	33
68	{\n  "opcion": "EL TECLADO"\n}\n	2022-08-22 00:34:19	2022-08-22 00:34:22	45
54	[\n    {\n     "rightSide":"Monitor",\n     "resourse_rightSide":"",\n     "leftSide":"Sirve para visualizar informacin",\n     "resourse_leftSide":""\n    },{\n     "rightSide":"Teclado",\n     "resourse_rightSide":"",\n     "leftSide":"Se usa para escribir",\n      "resourse_leftSide":""\n    },{\n     "rightSide":"Mouse",\n     "resourse_rightSide":"",\n     "leftSide":"Se utiliza para movernos con el cursos",\n     "resourse_leftSide":""\n    },{\n    "rightSide":"Audifnos",\n    "resourse_rightSide":"",\n    "leftSide":"Es usado para escuchar audios",\n    "resourse_leftSide":""\n    }                       \n]\n	2022-08-21 00:40:44	2022-08-21 00:40:45	31
67	[\n      {\n         "opcion": "Verdadero",\n         "correct": "Yes"\n      },\n      {\n         "opcion": "Falso",\n         "correct": "No"\n      }\n]\n	2022-08-21 00:41:28	2022-08-21 00:41:29	44
58	[\n                       {\n                         "rightSide":"Monitor",\n                         "resourse_rightSide":"",\n                         "leftSide":"",                         "resourse_leftSide":"https://fyc.uteq.edu.ec:9549/api/files/EQnByY3S4e7H4Fg/VlRSQeUvJjD6dtv/HpDs37BAy9FsqE7f7UIpHVUnITBabFGs.jpg"\n                       },{\n                         "rightSide":"Teclado",\n                         "resourse_rightSide":"",\n                         "leftSide":"",                         "resourse_leftSide":"https://fyc.uteq.edu.ec:9549/api/files/EQnByY3S4e7H4Fg/Rn0bEESFoRaWsqo/yxb8lF4AwXB08RSyf6liDf0F8ZOXTJ8D.png"\n                       },{\n                         "rightSide":"Mouse",\n                         "resourse_rightSide":"",\n                         "leftSide":"",                         "resourse_leftSide":"https://fyc.uteq.edu.ec:9549/api/files/EQnByY3S4e7H4Fg/ZHqPxlcCPP7nP8M/8RLt50eSWN2YRABJKFgI53OAEDtstQg9.jpg"\n                       },{\n                         "rightSide":"Audifonos",\n                         "resourse_rightSide":"",\n                         "leftSide":"",                         "resourse_leftSide":"https://fyc.uteq.edu.ec:9549/api/files/EQnByY3S4e7H4Fg/4b2aTKbPK0nWScQ/2oGyTY5u5Tq90kMAu6M0B6eUqyPHsn3d.jpg"\n                       }\n                       \n   ] 	2022-08-21 00:40:48	2022-08-21 00:40:50	36
60	[\n      {\n         "opcion": "",\n         "correct": "Yes",\n         "resource": "https://fyc.uteq.edu.ec:9549/api/files/EQnByY3S4e7H4Fg/LiDPPahidwF7SG6/1qSFndIK47UoiuSnN8cPxLTtw6cIdypP.jpeg"\n\n      },\n      {\n         "opcion": "",\n         "correct": "No",\n         "resource": "https://fyc.uteq.edu.ec:9549/api/files/EQnByY3S4e7H4Fg/NyHfWnrIzg9O8gN/ztzXCrvlBamJ7kPjsmR8YUaqTyTDVEWV.jpg"\n      },\n      {\n         "opcion": "",\n         "correct": "No",\n         "resource": "https://fyc.uteq.edu.ec:9549/api/files/EQnByY3S4e7H4Fg/giBtuo7vQVl9uID/XaeuOAHIYexdh2zeWTOofYIc0DPaEI8k.png"\n      },  \n      {\n         "opcion": "",\n         "correct": "Yes",\n         "resource": "https://fyc.uteq.edu.ec:9549/api/files/EQnByY3S4e7H4Fg/7LwDskH1RA6fEpf/oBYgG7sQbhA8zW4GyGRDVS1LlunekkOl.png"\n      }\n   ]\n\n	2022-08-21 00:40:53	2022-08-21 00:40:54	37
63	[\n      {\n         "description_question": "El {$option$} sirve para ingresar informacin escribiendo",\n         "description_question_R": "El teclado sirve para ingresar informacin escribiendo",\n         "options": [\n                       {\n                         "option":"teclado",\n                         "resource":"https://fyc.uteq.edu.ec:9549/api/files/EQnByY3S4e7H4Fg/mauwdytC026LRs3/hqg2wbp9GXb4c2A7SOs0RIX0e2xEBKKb.jpg"\n                       },\n                       {\n                         "option":"monitor",\n                         "resource":"https://fyc.uteq.edu.ec:9549/api/files/EQnByY3S4e7H4Fg/VlRSQeUvJjD6dtv/HpDs37BAy9FsqE7f7UIpHVUnITBabFGs.jpg"\n                       },\n                       {\n                         "option":"mouse",\n                         "resource":"https://fyc.uteq.edu.ec:9549/api/files/EQnByY3S4e7H4Fg/ZHqPxlcCPP7nP8M/8RLt50eSWN2YRABJKFgI53OAEDtstQg9.jpg"\n                       },\n                       {\n                         "option":"UPS",\n                         "resource":"https://fyc.uteq.edu.ec:9549/api/files/EQnByY3S4e7H4Fg/hWjDZ5sBbXpB9aR/PZi2jBZofybjfy2EmaNoXoSVabfqqsEB.jpg"\n \n                       }\n                    ]\n\n      }\n   ]	2022-08-21 00:40:57	2022-08-21 00:40:59	43
62	[\n      {\n         "resource": "https://fyc.uteq.edu.ec:9549/api/files/EQnByY3S4e7H4Fg/pw7UaSdVPpo3CUc/Svk0AdtmW5TLtToVcaMbGmAwlcWIAupi.jpg",\n         "correct": "No",\n         "opcion": ""\n\n      },\n      {\n         "resource": "https://fyc.uteq.edu.ec:9549/api/files/EQnByY3S4e7H4Fg/3EaDzE7tRxqOVoe/LFrKFndj1hfpcmpVDx0M4uiZYCTMjHeB.jpg",\n         "correct": "Yes",\n         "opcion": ""\n      },  \n      {\n         "resource": "https://fyc.uteq.edu.ec:9549/api/files/EQnByY3S4e7H4Fg/inRX7zpOsGuK6zL/S7hxhfvPNfkq6wRXNtwVDq5ktqOUIyd7.jpg",\n         "correct": "Yes",\n         "opcion": ""\n      },  \n      {\n         "resource": "https://fyc.uteq.edu.ec:9549/api/files/EQnByY3S4e7H4Fg/7hgqiVew6wibW2M/AgtvD6GMBl9cVEf7Ff3HRCklrQKGM8hf.jpg",\n         "correct": "No",\n         "opcion": ""\n      }\n   ]\n\n 	2022-08-21 00:40:57	2022-08-21 00:40:58	38
56	[\n      {\n         "opcion": "Entrada y Salida",\n         "correct": "No",\n         "resource": ""\n\n      },\n      {\n         "opcion": "Entrada",\n         "correct": "Yes",\n         "resource": ""\n      },  \n      {\n         "opcion": "Salida",\n         "correct": "No",\n         "resource": ""\n      },\n      {\n         "opcion": "Almacenamiento",\n         "correct": "No",\n         "resource": ""\n      }\n   ]\n\n	2022-08-21 00:40:47	2022-08-21 00:40:49	32
57	[\n      {\n         "opcion": "Verdadero",\n         "correct": "No"\n      },\n      {\n         "opcion": "Falso",\n         "correct": "Yes"\n      }\n]\n	2022-08-21 00:40:48	2022-08-21 00:40:50	42
59	[\n      {\n         "opcion": "Mixto",\n         "correct": "No",\n         "resource": ""\n\n      },\n      {\n         "opcion": "Entrada",\n         "correct": "No",\n         "resource": ""\n      },  \n      {\n         "opcion": "Almacenamiento",\n         "correct": "No",\n         "resource": ""\n      },\n      {\n         "opcion": "Salida",\n         "correct": "Yes",\n         "resource": ""\n      }\n   ]\n\n	2022-08-21 00:40:52	2022-08-21 00:40:53	35
65	[\n      {\n         "resource": "https://fyc.uteq.edu.ec:9549/api/files/EQnByY3S4e7H4Fg/T1FiFxpJ5FFIhGQ/zhEgEH6oitiX58awBRtlf2bNnu2V9aqD.png",\n         "correct": "No",\n         "opcion": ""\n\n      },\n      {\n         "resource": "https://fyc.uteq.edu.ec:9549/api/files/EQnByY3S4e7H4Fg/HW478gH7DJ8BNFt/HxQSv1uaVwGoXHWI3gJ5udulfcnUfDOk.jpg",\n         "correct": "Yes",\n         "opcion": ""\n      }\n   ]\n\n 	2022-08-21 00:41:25	2022-08-21 00:41:28	39
64	[\n      {\n         "description_question": "El computador es una mquina {$option$} diseada para la manipulacin y procesamiento de {$option$}.",\n         "description_question_R": "El computador es una mquina electrnica diseada para la manipulacin y procesamiento de datos.",\n         "options": [\n                       {\n                         "option":"electrnica",\n                         "resource":""\n                       },\n                       {\n                         "option":"datos",\n                         "resource":""\n                       },\n                       {\n                         "option":"asesina",\n                         "resource":""\n                       },\n                       {\n                         "option":"comida",\n                         "resource":""\n \n                       }\n                    ]\n\n      }\n   ]	2022-08-21 00:41:00	2022-08-21 00:41:00	40
71	{\n  "resource": "https://fyc.uteq.edu.ec:9549/api/files/EQnByY3S4e7H4Fg/ZHqPxlcCPP7nP8M/8RLt50eSWN2YRABJKFgI53OAEDtstQg9.jpg", \n  "piece_questionarie":9\n}	2022-08-25 00:07:21	2022-08-25 00:07:29	48
74	{\n  "resource": "https://fyc.uteq.edu.ec:9549/api/files/EQnByY3S4e7H4Fg/4b2aTKbPK0nWScQ/2oGyTY5u5Tq90kMAu6M0B6eUqyPHsn3d.jpg", \n  "piece_questionarie":16\n}	2022-08-25 00:07:21	2022-08-25 00:07:29	51
75	{\n  "resource": "https://fyc.uteq.edu.ec:9549/api/files/EQnByY3S4e7H4Fg/4b2aTKbPK0nWScQ/2oGyTY5u5Tq90kMAu6M0B6eUqyPHsn3d.jpg", \n  "piece_questionarie":16\n}	2022-08-25 00:07:22	2022-08-25 00:07:30	52
76	{\n  "resource": "https://fyc.uteq.edu.ec:9549/api/files/EQnByY3S4e7H4Fg/4b2aTKbPK0nWScQ/2oGyTY5u5Tq90kMAu6M0B6eUqyPHsn3d.jpg", \n  "piece_questionarie":16\n}	2022-08-25 00:07:22	2022-08-25 00:07:31	53
77	[\n      {\n         "opcion": "UML",\n         "correct": "No",\n         "resource": ""\n\n      },\n      {\n         "opcion": "Aplicacin ",\n         "correct": "No",\n         "resource": ""\n      },  \n      {\n         "opcion": "Sistema de Informacin ",\n         "correct": "Yes",\n         "resource": ""\n      },\n      {\n         "opcion": "Programa ",\n         "correct": "No",\n         "resource": ""\n      }\n   ]\n	2022-08-26 01:20:09.943	2022-08-26 01:20:09.943	54
78	[\n      {\n         "opcion": "S",\n         "correct": "No",\n         "resource": ""\n\n      },\n      {\n         "opcion": "No ",\n         "correct": "Yes",\n         "resource": ""\n      },  \n      {\n         "opcion": "Depende ",\n         "correct": "No",\n         "resource": ""\n      },\n      {\n         "opcion": "Quiz ",\n         "correct": "No",\n         "resource": ""\n      }\n   ]\n	2022-08-26 01:24:03.823	2022-08-26 01:24:03.823	55
79	[\n      {\n         "opcion": "Client Server Architecture",\n         "correct": "No",\n         "resource": ""\n\n      },\n      {\n         "opcion": "Unified Modeling Language",\n         "correct": "Yes",\n         "resource": ""\n      },  \n      {\n         "opcion": "Object-Oriented Programming",\n         "correct": "No",\n         "resource": ""\n      },\n      {\n         "opcion": "Data-Flow Diagram",\n         "correct": "No",\n         "resource": ""\n      }\n   ]\n	2022-08-26 01:34:10.043	2022-08-26 01:34:10.043	56
80	[\n      {\n         "opcion": "Office",\n         "correct": "No",\n         "resource": ""\n\n      },\n      {\n         "opcion": "Sistema",\n         "correct": "Yes",\n         "resource": ""\n      },  \n      {\n         "opcion": "DBMS",\n         "correct": "No",\n         "resource": ""\n      },\n      {\n         "opcion": "Programa",\n         "correct": "No",\n         "resource": ""\n      }\n   ]	2022-08-26 01:38:45.365	2022-08-26 01:38:45.365	57
81	[\n      {\n         "opcion": "Pi",\n         "correct": "No",\n         "resource": ""\n\n      },\n      {\n         "opcion": "60",\n         "correct": "Yes",\n         "resource": ""\n      },  \n      {\n         "opcion": "360",\n         "correct": "No",\n         "resource": ""\n      },\n      {\n         "opcion": "3600",\n         "correct": "No",\n         "resource": ""\n      }\n   ]	2022-08-26 01:41:03.136	2022-08-26 01:41:03.136	58
82	[\n      {\n         "opcion": "Pruebas de hiptesis",\n         "correct": "No",\n         "resource": ""\n\n      },\n      {\n         "opcion": "Anlisis de regresin y de varianza",\n         "correct": "No",\n         "resource": ""\n      },  \n      {\n         "opcion": "Regresin y correlacin",\n         "correct": "No",\n         "resource": ""\n      },\n      {\n         "opcion": "Media, mediana, moda",\n         "correct": "Yes",\n         "resource": ""\n      }\n   ]	2022-08-26 01:41:42.661	2022-08-26 01:41:42.661	59
86	[\n      {\n         "opcion": "Un lenguaje funcional",\n         "correct": "No",\n         "resource": ""\n\n      },\n      {\n         "opcion": "Un lenguaje de programacin",\n         "correct": "No",\n         "resource": ""\n      },  \n      {\n         "opcion": "Un protocolo",\n         "correct": "No",\n         "resource": ""\n      },\n      {\n         "opcion": "Un lenguaje de marcas",\n         "correct": "Yes",\n         "resource": ""\n      }\n   ]\n	2022-08-26 01:45:09.838	2022-08-26 01:45:09.838	63
85	[\n      {\n         "opcion": "Database Management System",\n         "correct": "Yes",\n         "resource": ""\n\n      },\n      {\n         "opcion": "Database Management Systen",\n         "correct": "No",\n         "resource": ""\n      },  \n      {\n         "opcion": "Database Management Sistem",\n         "correct": "No",\n         "resource": ""\n      },\n      {\n         "opcion": "Databace Management System",\n         "correct": "No",\n         "resource": ""\n      }\n   ]\n	2022-08-26 01:44:31.329	2022-08-26 01:44:31.329	62
84	[\n      {\n         "opcion": "Browser",\n         "correct": "No",\n         "resource": ""\n\n      },\n      {\n         "opcion": "HTML",\n         "correct": "No",\n         "resource": ""\n      },  \n      {\n         "opcion": "HTTP",\n         "correct": "No",\n         "resource": ""\n      },\n      {\n         "opcion": "Sevidor web",\n         "correct": "Yes",\n         "resource": ""\n      }\n   ]	2022-08-26 01:43:43.761	2022-08-26 01:43:43.761	61
83	[\n      {\n         "opcion": "1.000.000",\n         "correct": "No",\n         "resource": ""\n\n      },\n      {\n         "opcion": "1.000",\n         "correct": "No",\n         "resource": ""\n      },  \n      {\n         "opcion": "100.000",\n         "correct": "Yes",\n         "resource": ""\n      },\n      {\n         "opcion": "10.000",\n         "correct": "No",\n         "resource": ""\n      }\n]\n	2022-08-26 01:42:51.276	2022-08-26 01:42:51.276	60
87	[\n      {\n         "opcion": "Sistema de informacin geogrfica",\n         "correct": "Yes",\n         "resource": ""\n\n      },\n      {\n         "opcion": "Sistema de informacin gerencial",\n         "correct": "No",\n         "resource": ""\n      },  \n      {\n         "opcion": "Sistema de soporte de decisiones",\n         "correct": "No",\n         "resource": ""\n      },\n      {\n         "opcion": "Sistema de informacin",\n         "correct": "No",\n         "resource": ""\n      }\n   ]\n	2022-08-26 09:01:55.843	2022-08-26 09:01:55.843	64
88	[\n      {\n         "opcion": "1",\n         "correct": "No",\n         "resource": ""\n\n      },\n      {\n         "opcion": "3",\n         "correct": "Yes",\n         "resource": ""\n      },  \n      {\n         "opcion":  "2",\n         "correct":  "No",\n         "resource": ""\n      },\n      {\n         "opcion":   "10",\n         "correct":  "No",\n         "resource": ""\n      }\n   ]	2022-08-26 09:18:25.402	2022-08-26 09:18:25.402	65
89	[\n      {\n         "opcion": "Clases, entidades y tablas",\n         "correct": "No",\n         "resource": ""\n\n      },\n      {\n         "opcion": "Archivos shp, shx y dbf",\n         "correct": "No",\n         "resource": ""\n      },  \n      {\n         "opcion": "Mapas, localizaciones y proyecciones",\n         "correct": "No",\n         "resource": ""\n      },\n      {\n         "opcion": "Feature classes, feature datasets, tablas no espaciales y anotaciones",\n         "correct": "No",\n         "resource": ""\n      }\n   ]	2022-08-26 09:19:35.797	2022-08-26 09:19:35.797	66
90	[\n      {\n         "opcion": "Modelo entidad-relacin",\n         "correct": "No",\n         "resource": ""\n\n      },\n      {\n         "opcion": "Modelo de datos tridimensionales",\n         "correct": "No",\n         "resource": ""\n      },  \n      {\n         "opcion": "Modelo de datos vectorial",\n         "correct": "No",\n         "resource": ""\n      },\n      {\n         "opcion":  "Modelo incrementa",\n         "correct": "No",\n         "resource": ""\n      },\n      {\n         "opcion": "Modelo de datos rster",\n         "correct": "Yes",\n         "resource": ""\n      },\n      {\n         "opcion": "Modelo vista controlador",\n         "correct": "No",\n         "resource": ""\n      }\n]	2022-08-26 09:22:11.684	2022-08-26 09:22:11.684	68
91	[\n      {\n         "opcion": "UML",\n         "correct": "No",\n         "resource": ""\n\n      },\n      {\n         "opcion": "Aplicacin ",\n         "correct": "No",\n         "resource": ""\n      },  \n      {\n         "opcion": "Sistema de Informacin",\n         "correct": "Yes",\n         "resource": ""\n      },\n      {\n         "opcion": "Programa ",\n         "correct": "No",\n         "resource": ""\n      }\n   ]\n	2022-08-26 09:22:39.141	2022-08-26 09:22:39.141	67
\.


--
-- Data for Name: courses; Type: TABLE DATA; Schema: public; Owner: @dminvincul@cion2022
--

COPY public.courses (id_course, name_course, description_course, keywords_course, pathimg_course, datereg_course, dateupdate_course, state_course, language_course, persons_id_person, price_course) FROM stdin;
15	Programacin Ruby	En este magnifico curso aprenderas todos sobre la programacion	development, programador	https://fyc.uteq.edu.ec:9549/api/files/EQnByY3S4e7H4Fg/QtUZR9HBGwsGuXm/fGYxiojmeM0IpQVjJIzBBFDbbUmgGUVi.jpg	2022-07-24 03:57:03	2022-07-24 03:57:03	I	es	1	0
12	Programacin PHP	En este magnifico curso aprenderas todos sobre la programacion	development, programador	https://fyc.uteq.edu.ec:9549/api/files/EQnByY3S4e7H4Fg/HrQoGJVsF2R3YLa/qjvuZnzFF7sQ5ft1CnjU8mN40O2DAHPu.png	2022-08-15 02:57:03	2022-08-15 02:57:03	I	es	1	0
13	Programacin .Net Core	En este magnifico curso aprenderas todos sobre la programacion	development, programador	https://fyc.uteq.edu.ec:9549/api/files/EQnByY3S4e7H4Fg/u4CN6HpK1ApDyZ3/xrmC0JGMKczr5SCYcbHlQnG6X9gNvAoV.png	2022-07-25 04:57:03	2022-07-25 04:57:03	I	es	1	0
20	Programacin JavaScript	En este magnifico curso aprenderas todos sobre la programacion	development, programador	https://fyc.uteq.edu.ec:9549/api/files/EQnByY3S4e7H4Fg/hXWIS7ufg4HEf8h/Biea30N6KgoesDstbkApO9xFmwa9hfLA.png	2022-08-20 02:57:03	2022-08-20 02:57:03	I	es	1	0
17	Programacin Python	En este magnifico curso aprenderas todos sobre la programacion	development, programador	https://fyc.uteq.edu.ec:9549/api/files/EQnByY3S4e7H4Fg/eXsbXNXdb2jlZAr/MBw8OrXZS4FJvnX43Osq7vwQT3qIqG3E.jpeg	2022-08-19 02:57:03	2022-08-19 02:57:03	I	es	1	0
11	Programacin Node	En este magnifico curso aprenderas todos sobre la programacion	development, programador	https://fyc.uteq.edu.ec:9549/api/files/EQnByY3S4e7H4Fg/TADtQrjR8rsvodF/rw42zpAqhCZV1JmEYfhrrDTAnTBy9sh6.png	2022-07-26 10:57:03	2022-07-26 10:57:03	I	es	1	0
21	Programacin Matlab	En este magnifico curso aprenderas todos sobre la programacion	development, programador	https://fyc.uteq.edu.ec:9549/api/files/EQnByY3S4e7H4Fg/2r4NDYwedEMoVyV/GUD6h0c748EalErZq4ISlD8hhXsW8MqG.jpg	2022-08-27 02:57:03	2022-08-27 02:57:03	I	es	1	0
18	Programacin R	En este magnifico curso aprenderas todos sobre la programacion	development, programador	https://fyc.uteq.edu.ec:9549/api/files/EQnByY3S4e7H4Fg/XkYMbZI81PJgcYC/1PoVA7LV2mMvd7s7DjlrIql4It4bYLBk.png	2022-08-12 02:57:03	2022-08-12 02:57:03	I	es	1	0
10	Criptomonedas	El mundo de las criptomonedas	BitCoin, Shiba	https://fyc.uteq.edu.ec:9549/api/files/R0BDS4ixyAqvSUv/1EsbPFNNFGmTXlD/jxwE9Kt1ZOAPYTpXR0LXEIzzdVSPDZn9.png	2022-08-11 20:36:52	2022-08-11 20:36:52	I	es	1	0
9	Internet de las cosas	Iot	IoT, Internet de las cosas	https://fyc.uteq.edu.ec:9549/api/files/R0BDS4ixyAqvSUv/MzQ517Su2GJaG2q/yo783EDgKwRqiKH139XswZwhK2tFqBCI.png	2022-08-11 20:21:59	2022-08-11 20:21:59	I	es	1	0
1	Curso Demo	Este curso est creado para la demostracin de todos los servicios que posee la aplicacin	computacin, informtica, bsica	https://fyc.uteq.edu.ec:9549/api/files/R0BDS4ixyAqvSUv/NjIx6gSLCoEdMMn/bthmUzrcwNFCDlmJSPUX3N5BnZiWvqRm.jpg	2022-07-21 20:44:25	2022-07-21 20:44:25	A	es	1	0
14	Programacin Swift	En este magnifico curso aprenderas todos sobre la programacion	development, programador	https://fyc.uteq.edu.ec:9549/api/files/EQnByY3S4e7H4Fg/9elVe7pm86kgPmt/sJ6umHZ5yY0qqBqT76JwCtVPg5iE2T1M.png	2022-08-22 02:57:03	2022-08-22 02:57:03	I	es	1	0
24	Programacin C/C++	En este magnifico curso aprenderas todos sobre la programacion	development, programador	https://fyc.uteq.edu.ec:9549/api/files/EQnByY3S4e7H4Fg/2wwshFTZoD3Bpqa/ZUebk53XQqXrjjVBiz4iXYqAicx4DsqE.png	2022-07-23 02:57:03	2022-07-23 02:57:03	I	es	1	0
16	Programacin en Ensamblador	En este magnifico curso aprenderas todos sobre la programacion	development, programador	https://fyc.uteq.edu.ec:9549/api/files/EQnByY3S4e7H4Fg/3dN3TRnH0bcJUmS/bdVDMQtY5WM84SqjDifH5MRjkBV0eR8I.png	2022-08-24 02:57:03	2022-08-24 02:57:03	I	es	1	0
22	Programacin Objective-C	En este magnifico curso aprenderas todos sobre la programacion	development, programador	https://fyc.uteq.edu.ec:9549/api/files/EQnByY3S4e7H4Fg/I9hNZQwFq5u85xd/AOVGBYDHsHcoVqpEGpJWzh8CXSGLAsN8.png	2022-08-26 02:57:03	2022-08-26 02:57:03	I	es	1	0
8	Programacin en Java	En este magnifico curso aprenderas todos los secretos de la programacion Orientada a Objetos	development, programador	https://fyc.uteq.edu.ec:9549/api/files/R0BDS4ixyAqvSUv/UyA5vq4UWkrlFQh/NCFx5gBbFmLtmBnu5dC9v8LE9KRGC0tN.png	2022-08-21 02:57:03	2022-08-21 02:57:03	I	es	1	0
27	Git	git	git	https://fyc.uteq.edu.ec:9549/api/files/archivos/9k5iN9w1zncII9B/5fG3G6e0HXv5KAXW56532KVEWFhdM7o7.png	2022-08-15 17:46:42	2022-08-15 17:46:42	I	es	1	0
30	Sistemas de Informacin Geogrfica	Presentar los fundamentos de los Sistemas de Informacin Geogrfica (SIG) para aplicarlos a la resolucin de problemas y toma de decisiones que involucran el manejo y anlisis de informacin espacial, haciendo uso de software SIG actual.	SIG, Geomtica	https://fyc.uteq.edu.ec:9549/api/files/R0BDS4ixyAqvSUv/DbuFmDWiu6Laq5w/iaGa81zBYu2kxGkBaH0mP9IvdWnSA9RY.jpg	2022-08-22 23:00:24	2022-08-22 23:00:24	A	es	10	0
28	Informtica bsica	Este curso busca poder ensear informtica bsica partiendo de los conocimientos ms bsicos, hasta incentivar el uso progresivo del computador	Informtica, bsica, computador	https://fyc.uteq.edu.ec:9549/api/files/R0BDS4ixyAqvSUv/8K5Rz0HDrBx0x02/Ri8skQPOR8QpO42yNKE2VXUUg8YruLlQ.png	2022-08-22 00:37:09	2022-08-22 00:37:09	A	es	10	0
23	Programacin TypeScript	En este magnifico curso aprenderas todos sobre la programacion	development, programador	https://fyc.uteq.edu.ec:9549/api/files/EQnByY3S4e7H4Fg/bshSoc5HmkfX1IE/KznLQ18nQrnVPnTn4w9vllTLWNxezIyf.png	2022-08-28 02:57:03	2022-08-28 02:57:03	I	es	1	0
19	Programacin C#	En este magnifico curso aprenderas todos sobre la programacion	development, programador	https://fyc.uteq.edu.ec:9549/api/files/EQnByY3S4e7H4Fg/kf5zVYJuV5muOfp/EAP7LvMmbGKi6yBTkX7oB7PG7P1fIv1d.png	2022-08-29 02:57:03	2022-08-29 02:57:03	I	es	1	0
26	Programacin Bsica	Este curso est dedicado a los conceptops bsicos de la programacin, no nos enfocamos en ningn lenguaje de programacin	progrmacin	https://fyc.uteq.edu.ec:9549/api/files/R0BDS4ixyAqvSUv/jpAIqOESkE5zFFV/D6pKAjdPm3orn6EVHVQ280fTDDiCKvjf.jpg	2022-08-14 23:28:44	2022-08-14 23:28:44	I	es	1	0
\.


--
-- Data for Name: evaluation_question_category; Type: TABLE DATA; Schema: public; Owner: @dminvincul@cion2022
--

COPY public.evaluation_question_category (id_evaluation_question_category, evaluations_id_evaluation, question_category_id_questioncategory, number_question) FROM stdin;
10	1	6	0
8	1	4	1
6	1	2	5
9	1	5	2
7	1	3	3
11	2	6	0
16	2	3	3
13	2	4	1
14	2	2	5
15	2	5	2
12	2	1	2
5	1	1	2
23	11	6	0
24	11	4	1
26	11	5	2
27	11	3	3
28	11	1	2
25	11	2	3
29	1	7	1
30	2	7	1
31	11	7	1
32	12	1	0
33	12	2	10
34	12	3	0
35	12	4	0
36	12	5	0
37	12	6	0
38	12	7	0
39	13	1	0
40	13	2	10
41	13	3	0
42	13	4	0
43	13	5	0
44	13	6	0
45	13	7	0
\.


--
-- Data for Name: evaluations; Type: TABLE DATA; Schema: public; Owner: @dminvincul@cion2022
--

COPY public.evaluations (id_evaluation, name_evaluation, description_evaluation, datereg_evaluation, dateupdate_evaluation, time_evaluation, timeminutes_evaluation, numberquestion_evaluation, topics_id_topic, state_evaluation, type_evaluation, opportunity_evaluation, opportunities_evaluation, order_category, allows_review) FROM stdin;
2	Cuestionario de Conocimientos bsicos	para practicar tus conocimientos sobre los conceptos bsicos	2022-08-16 23:39:12	2022-08-16 23:39:17	f	0	120	1	A	2	f	0	t	f
11	Conocimientos medios	para reforzar tus conocimientos sobre los conceptos bsicos	2022-08-21 00:21:01	2022-08-21 00:21:03	f	0	120	1	A	2	t	5	f	f
1	Conocimientos bsicos	para evaluar los conocimientos	2022-08-10 23:39:12	2022-08-10 23:39:17	t	120	120	1	A	1	t	10	t	f
12	Prueba Diagnstico	para evaluar los conocimientos	2022-08-26 01:12:34.965	2022-08-26 01:12:34.965	f	0	120	29	A	2	t	5	t	f
13	UNIDAD 1	Prctique sus conocimientos de la Unidad 1	2022-08-26 08:55:29.509	2022-08-26 08:55:29.509	f	0	120	32	A	2	t	5	f	f
\.


--
-- Data for Name: persons; Type: TABLE DATA; Schema: public; Owner: @dminvincul@cion2022
--

COPY public.persons (id_person, name_person, lastname_person, email_person, password_person, type_person, pathimg_person, codeverification_person, datereg_person, dateupdate_person, provider_person, id_location) FROM stdin;
6	ANTHONY	PACHAY	tonypachay@gmail.com	$2a$10$ZlYfDXjS9GXBgAOApU9rROmZYQpNaiM1XDZxN.lpPeOVZDLf47N3K	A	https://fyc.uteq.edu.ec:9549/api/files/vhcVv4ysYudB08r/fy1slm2CJ2nFoll/VY6GPUg1LikvONdlzNpl8LXMXySnAwjt.png	ApEtGMnDRM	2022-08-10 01:04:14	2022-08-10 01:04:14	native	0-0-0
3	JENIFFER LISSET	LPEZ AGUIAR	jeniffer.lopez2017@uteq.edu.ec	$2a$10$L4DtiQiKLZM5pWzRobXTo.s25r98PmVzBaPJmr4SU7.uGIYidJbE6	S	https://fyc.uteq.edu.ec:9549/api/files/vhcVv4ysYudB08r/fy1slm2CJ2nFoll/LuV2xf6e2Q1EyU6tKORzy82ivVj0IG6g.png	yyy	2022-07-22 22:39:00	2022-07-22 22:39:00	native	0-0-0
47	MOISES	CARVAJAL	duvalcarvajal@outlook.es	$2a$10$.MWRqGgoZP7K5aAAsBvcsO6u/3T6o7HI.Vl0jReWaEdpkxuM3PzGK	U	https://fyc.uteq.edu.ec:9549/api/files/vhcVv4ysYudB08r/fy1slm2CJ2nFoll/R385p7pc3VlVSsaNtZaqcBMfFpej13eu.png	rMAHArctDD	2022-08-24 14:23:56	2022-08-24 14:26:18	native	0-0-0
10	ORLANDO	ERAZO	oerazo@uteq.edu.ec	$2a$10$zx3CmKO1uXlvccFlPiv09uev4eqzSI0yUh.Hs7fc7bRHw0B0IlTNy	A	https://fyc.uteq.edu.ec:9549/api/files/vhcVv4ysYudB08r/fy1slm2CJ2nFoll/cjZRirzZKZRPedDJxanubAGq1fn0FHKO.png	DLLnsfDndi	2022-08-05 16:09:38	2022-08-14 16:13:18	native	0-0-0
5	ANTHONY ABRAHAN	PACHAY ESPINOZA	anthony.pachay2017@uteq.edu.ec	$2a$10$IZnky5WnOwbBxt7Eca2BtueaXqxFTYTJo5CxDBwtgupZoimuvkNH6	U	https://fyc.uteq.edu.ec:9549/api/files/vhcVv4ysYudB08r/fy1slm2CJ2nFoll/ZhhGNxqcg1tRIaOUywNWtTOGuGZipcuI.png	rUyOdcZzHD	2022-08-10 01:02:56	2022-08-10 01:06:18	native	0-0-0
48	GEOVANNY JOS	BRITO CASANOVA	geovannybricex@hotmail.com	$2a$10$4GvzgcHRQ/VbuxuTGoV2/O5G4T0yzgAbW1UQsAclnYzHcL97bzESS	U	https://fyc.uteq.edu.ec:9549/api/files/vhcVv4ysYudB08r/fy1slm2CJ2nFoll/R385p7pc3VlVSsaNtZaqcBMfFpej13eu.png	JALMzJJytE	2022-08-24 20:53:53	2022-08-24 20:55:58	native	0-0-0
7	DUVAL RICARDO	CARVAJAL SUREZ	duvca02@gmail.com	$2a$10$a54g35khbT1eUI3Fr0F9S.SQIdQpmW7O48.4az.qNBPHFta.9xC9W	U	https://fyc.uteq.edu.ec:9549/api/files/vhcVv4ysYudB08r/fy1slm2CJ2nFoll/cjZRirzZKZRPedDJxanubAGq1fn0FHKO.png	MnfeinSDkz	2022-08-04 17:29:00	2022-08-04 17:29:00	native	0-0-0
1	GEOVANNY	BRITO CASANONA	geovannybricex@gmail.com	$2a$10$L4DtiQiKLZM5pWzRobXTo.s25r98PmVzBaPJmr4SU7.uGIYidJbE6	A	https://fyc.uteq.edu.ec:9549/api/files/archivos/KGmzOT6bMshfeJj/HCAn61Bh4eeTPJRDuCs9zmFOqnAzkwU8.jpg	xxx	2022-07-21 20:39:00	2022-08-05 13:00:31	native	0-0-0
8	CECILIA	SUAREZ	duval.carvajal10@gmail.com	$2a$10$b9Aj385n3rY2PV4q6QoptuhWz1nx/A1HOqAARAHLJZ/a8jTVPxN76	U	https://fyc.uteq.edu.ec:9549/api/files/vhcVv4ysYudB08r/fy1slm2CJ2nFoll/ZhhGNxqcg1tRIaOUywNWtTOGuGZipcuI.png	fMDknEseRO	2022-08-04 13:35:00	2022-08-04 13:35:00	native	0-0-0
20	JUAN CARLOS	CAVIEDEZ YNES	jcaviedesyanez@gmail.com	$2a$10$td6M8XT7aYHxm4mjojUOcezhJr8ZJ4dNF78NZoPznKK2yqLhB3RTO	U	https://fyc.uteq.edu.ec:9549/api/files/vhcVv4ysYudB08r/fy1slm2CJ2nFoll/LuV2xf6e2Q1EyU6tKORzy82ivVj0IG6g.png	lnnODlpZMZ	2022-08-05 12:41:54	2022-08-05 12:59:31	native	0-0-0
21	ALISON	ARECHUA	cisu-79@hotmail.com	$2a$10$qfLx5DBotH/93pkKQ6Hb/OrNVr3K2VLcwESgWS25rBarRNRUz00P6	U	https://fyc.uteq.edu.ec:9549/api/files/vhcVv4ysYudB08r/fy1slm2CJ2nFoll/VY6GPUg1LikvONdlzNpl8LXMXySnAwjt.png	OznGrnhnHS	2022-08-05 15:04:41	2022-08-05 15:04:41	native	0-0-0
2	GEOVANNY JOS	BRITO CASANOVA	geovanny.brito2017@uteq.edu.ec	$2a$10$L4DtiQiKLZM5pWzRobXTo.s25r98PmVzBaPJmr4SU7.uGIYidJbE6	U	https://fyc.uteq.edu.ec:9549/api/files/vhcVv4ysYudB08r/fy1slm2CJ2nFoll/R385p7pc3VlVSsaNtZaqcBMfFpej13eu.png	zzDeoUeyfO	2022-07-22 20:39:00	2022-08-24 21:04:56	native	0-0-0
45	GLEISTON CICERON	GUERRERO ULLOA	gguerrero@msuteq.edu.ec	$2a$10$jhFhjSFX6sc6N1ai/MdFN.gYRwAunuIkCXUJGE2zDehsGqyMb8o6q	U	https://fyc.uteq.edu.ec:9549/api/files/vhcVv4ysYudB08r/fy1slm2CJ2nFoll/DH5QMfmyOmb9amUzE8bx8cOoP3U9KiED.png	rDyLLkHZlA	2022-08-14 04:12:57	2022-08-23 21:10:59	native	0-0-0
\.


--
-- Data for Name: persons_courses; Type: TABLE DATA; Schema: public; Owner: @dminvincul@cion2022
--

COPY public.persons_courses (id_person_course, datereg_person_course, state_person_course, courses_id_course, persons_id_person) FROM stdin;
16	2022-08-12 00:54:42	A	1	2
17	2022-08-12 12:04:02	A	1	5
19	2022-08-15 17:53:26	A	8	2
22	2022-08-21 23:16:43	A	1	7
23	2022-08-22 01:27:50	A	28	2
24	2022-08-23 02:15:58	A	30	2
25	2022-08-24 20:56:14	A	30	48
\.


--
-- Data for Name: persons_evaluations; Type: TABLE DATA; Schema: public; Owner: @dminvincul@cion2022
--

COPY public.persons_evaluations (id_person_evaluation, result_evaluation, datereg_person_evaluation, qualification_person_evaluation, trynumber_person_evaluation, timespent_person_evaluation, persons_id_person, evaluations_id_evaluation) FROM stdin;
2	[\n  {\n    "name_evaluation": "Conocimientos bsicos",\n    "description_evaluation": "para evaluar los conocimientos",\n    "time_evaluation": true,\n    "timeminutes_evaluation": 120,\n    "order_category": true,\n    "questions_": [\n      {\n        "order_question": "0.37082165164593306",\n        "id_question": 27,\n        "name_questioncategory": "True or False",\n        "title_question": "Memoria",\n        "description_question": "El monitor procesa la informacin",\n        "feedback_question": "CPU",\n        "hint_question": "El monitor sirve para visualizar",\n        "pathurlsign_question": "",\n        "pathurlvideo_question": null,\n        "pathurlfile_question": null,\n        "points_question": false,\n        "maximumpoints_question": 10,\n        "level_question": 2,\n        "answers_": [\n          {\n            "options_answer": [\n              {\n                "opcion": "Verdadero",\n                "correct": "No"\n              },\n              {\n                "opcion": "Falso",\n                "correct": "Yes"\n              }\n            ]\n          }\n        ],\n        "canResource": false\n      },\n      {\n        "order_question": "0.5954469908235787",\n        "id_question": 25,\n        "name_questioncategory": "True or False",\n        "title_question": "Analizar",\n        "description_question": "El software NO es la parte tangible de la computadora",\n        "feedback_question": "El software son las aplicaciones",\n        "hint_question": "Esta aplicacin es un software por ende no se puede....",\n        "pathurlsign_question": "https://aplicaciones.uteq.edu.ec:9549/api/files/EQnByY3S4e7H4Fg/gwFyedSaHzGsa4j/QpjYHzzyVJaD2HnrD5PhIQStwzaeIRrQ.mp4",\n        "pathurlvideo_question": null,\n        "pathurlfile_question": null,\n        "points_question": true,\n        "maximumpoints_question": 10,\n        "level_question": 4,\n        "answers_": [\n          {\n            "options_answer": [\n              {\n                "opcion": "Verdadero",\n                "correct": "Yes"\n              },\n              {\n                "opcion": "Falso",\n                "correct": "No"\n              }\n            ]\n          }\n        ]\n      },\n      {\n        "order_question": "0.16578112454198646",\n        "id_question": 6,\n        "name_questioncategory": "Simple Option",\n        "title_question": "Analizar",\n        "description_question": "El monitor y la impresora son dispositivos:",\n        "feedback_question": "S, esta opcin es correcta por que s",\n        "hint_question": "Cuando vas al cyber a que te saquen copia, entra los datos para que despus s...",\n        "pathurlsign_question": "https://aplicaciones.uteq.edu.ec:9549/api/files/EQnByY3S4e7H4Fg/TPnnDRDnid2PhWc/XGR0AAoiVLQMLLy3fqtSRdlDw8xVxf6l.mp4",\n        "pathurlvideo_question": "https://aplicaciones.uteq.edu.ec:9549/api/files/EQnByY3S4e7H4Fg/gwFyedSaHzGsa4j/QpjYHzzyVJaD2HnrD5PhIQStwzaeIRrQ.mp4",\n        "pathurlfile_question": "https://aplicaciones.uteq.edu.ec:9549/api/files/R0BDS4ixyAqvSUv/Czc3IJbUgLhUIzx/vINIsvtK61HjbUWWoyR1GrSTZ6swnyLX.docx",\n        "points_question": false,\n        "maximumpoints_question": 0,\n        "level_question": 2,\n        "answers_": [\n          {\n            "options_answer": [\n              {\n                "opcion": "Mixto",\n                "correct": "No",\n                "resource": ""\n              },\n              {\n                "opcion": "Entrada",\n                "correct": "No",\n                "resource": ""\n              },\n              {\n                "opcion": "Almacenamiento",\n                "correct": "No",\n                "resource": ""\n              },\n              {\n                "opcion": "Salida",\n                "correct": "Yes",\n                "resource": ""\n              }\n            ]\n          }\n        ]\n      },\n      {\n        "order_question": "0.2732057059317725",\n        "id_question": 5,\n        "name_questioncategory": "Simple Option",\n        "title_question": "Identificar",\n        "description_question": "Identifique un teclado",\n        "feedback_question": "S, esta opcin es correcta por que s",\n        "hint_question": "Es blanco",\n        "pathurlsign_question": "https://aplicaciones.uteq.edu.ec:9549/api/files/EQnByY3S4e7H4Fg/tTEzSGNxmX6d1rD/aPVGei7LU9svbf7zny59A5FHcnK1Bum8.mp4",\n        "pathurlvideo_question": "https://aplicaciones.uteq.edu.ec:9549/api/files/EQnByY3S4e7H4Fg/DFOcBRVHBHAgMkc/NyUZYw5NaKYQijV8gKpW0paR4CoXUS2O.mp4",\n        "pathurlfile_question": null,\n        "points_question": true,\n        "maximumpoints_question": 10,\n        "level_question": 1,\n        "answers_": [\n          {\n            "options_answer": [\n              {\n                "opcion": "",\n                "correct": "No",\n                "resource": "https://aplicaciones.uteq.edu.ec:9549/api/files/EQnByY3S4e7H4Fg/6SqR0F0pC1GK7Iq/uqWEFxONWUjcwhmv6sJB8RAtvpXBHZiZ.jpg"\n              },\n              {\n                "opcion": "",\n                "correct": "Yes",\n                "resource": "https://aplicaciones.uteq.edu.ec:9549/api/files/EQnByY3S4e7H4Fg/iEheso94ithGkXd/nw0EoFgE7Z3HWKffKQBpDAm3M2yDrypI.jpg"\n              },\n              {\n                "opcion": "",\n                "correct": "No",\n                "resource": "https://aplicaciones.uteq.edu.ec:9549/api/files/EQnByY3S4e7H4Fg/W54TkubCDeTaKez/FCk4JgsEt6bdovNM6xuRWsJD023gKgi1.jpg"\n              }\n            ]\n          }\n        ]\n      },\n      {\n        "order_question": "0.28331658595399745",\n        "id_question": 13,\n        "name_questioncategory": "Simple Option",\n        "title_question": "Analizar",\n        "description_question": "El teclado es un dispositivo de:",\n        "feedback_question": "S, esta opcin es correcta por que s",\n        "hint_question": "Con lo que se escribi esta pregunta, es decir los datos en...",\n        "pathurlsign_question": "",\n        "pathurlvideo_question": null,\n        "pathurlfile_question": "https://aplicaciones.uteq.edu.ec:9549/api/files/R0BDS4ixyAqvSUv/Czc3IJbUgLhUIzx/vINIsvtK61HjbUWWoyR1GrSTZ6swnyLX.docx",\n        "points_question": true,\n        "maximumpoints_question": 10,\n        "level_question": 1,\n        "answers_": [\n          {\n            "options_answer": [\n              {\n                "opcion": "Entrada y Salida",\n                "correct": "No",\n                "resource": ""\n              },\n              {\n                "opcion": "Entrada",\n                "correct": "Yes",\n                "resource": ""\n              },\n              {\n                "opcion": "Salida",\n                "correct": "No",\n                "resource": ""\n              },\n              {\n                "opcion": "Almacenamiento",\n                "correct": "No",\n                "resource": ""\n              }\n            ]\n          }\n        ]\n      },\n      {\n        "order_question": "0.5783991617925786",\n        "id_question": 9,\n        "name_questioncategory": "Simple Option",\n        "title_question": "Identificar",\n        "description_question": "Seleccione la imagen que crea corresponda a un CPU",\n        "feedback_question": "S, esta opcin es correcta por que s",\n        "hint_question": "Mira dos veces",\n        "pathurlsign_question": "https://aplicaciones.uteq.edu.ec:9549/api/files/EQnByY3S4e7H4Fg/DFOcBRVHBHAgMkc/NyUZYw5NaKYQijV8gKpW0paR4CoXUS2O.mp4",\n        "pathurlvideo_question": null,\n        "pathurlfile_question": null,\n        "points_question": false,\n        "maximumpoints_question": 0,\n        "level_question": 1,\n        "answers_": [\n          {\n            "options_answer": [\n              {\n                "resource": "https://aplicaciones.uteq.edu.ec:9549/api/files/EQnByY3S4e7H4Fg/T1FiFxpJ5FFIhGQ/zhEgEH6oitiX58awBRtlf2bNnu2V9aqD.png",\n                "correct": "No",\n                "opcion": ""\n              },\n              {\n                "resource": "https://aplicaciones.uteq.edu.ec:9549/api/files/EQnByY3S4e7H4Fg/HW478gH7DJ8BNFt/HxQSv1uaVwGoXHWI3gJ5udulfcnUfDOk.jpg",\n                "correct": "Yes",\n                "opcion": ""\n              }\n            ]\n          }\n        ]\n      },\n      {\n        "order_question": "0.922517389704705",\n        "id_question": 2,\n        "name_questioncategory": "Simple Option",\n        "title_question": "Analizar",\n        "description_question": "El computador sirve para:",\n        "feedback_question": "S, esta opcin es correcta por que s",\n        "hint_question": "Con lo que se redact este mensaje",\n        "pathurlsign_question": "https://aplicaciones.uteq.edu.ec:9549/api/files/EQnByY3S4e7H4Fg/gwFyedSaHzGsa4j/QpjYHzzyVJaD2HnrD5PhIQStwzaeIRrQ.mp4",\n        "pathurlvideo_question": "https://aplicaciones.uteq.edu.ec:9549/api/files/EQnByY3S4e7H4Fg/TPnnDRDnid2PhWc/XGR0AAoiVLQMLLy3fqtSRdlDw8xVxf6l.mp4",\n        "pathurlfile_question": null,\n        "points_question": false,\n        "maximumpoints_question": 0,\n        "level_question": 1,\n        "answers_": [\n          {\n            "options_answer": [\n              {\n                "opcion": "Escribir",\n                "correct": "Yes",\n                "resource": ""\n              },\n              {\n                "opcion": "Comer",\n                "correct": "No",\n                "resource": ""\n              },\n              {\n                "opcion": "Tomar bebidas",\n                "correct": "No",\n                "resource": ""\n              },\n              {\n                "opcion": "Ninguna de las anteriores",\n                "correct": "No",\n                "resource": ""\n              },\n              {\n                "opcion": "Todas las anteriores",\n                "correct": "No",\n                "resource": ""\n              }\n            ]\n          }\n        ]\n      },\n      {\n        "order_question": "0.009456838644982923",\n        "id_question": 8,\n        "name_questioncategory": "Multiple Option",\n        "title_question": "Identificar",\n        "description_question": "Seleccione la imagen que crea corresponda a un mouse",\n        "feedback_question": "S, esta opcin es correcta por que s",\n        "hint_question": null,\n        "pathurlsign_question": "https://aplicaciones.uteq.edu.ec:9549/api/files/EQnByY3S4e7H4Fg/D3JYGDeLa0mekT7/gHlND2phY5GkT1CnjLEBkzPPwx8dUPUq.mp4",\n        "pathurlvideo_question": "https://aplicaciones.uteq.edu.ec:9549/api/files/EQnByY3S4e7H4Fg/DFOcBRVHBHAgMkc/NyUZYw5NaKYQijV8gKpW0paR4CoXUS2O.mp4",\n        "pathurlfile_question": "https://aplicaciones.uteq.edu.ec:9549/api/files/archivos/eJBzVX9CprMX9K6/hoQDoUpftwO8e5OOjHcACPtxrUid1ODr.pdf",\n        "points_question": true,\n        "maximumpoints_question": 10,\n        "level_question": 2,\n        "answers_": [\n          {\n            "options_answer": [\n              {\n                "resource": "https://aplicaciones.uteq.edu.ec:9549/api/files/EQnByY3S4e7H4Fg/pw7UaSdVPpo3CUc/Svk0AdtmW5TLtToVcaMbGmAwlcWIAupi.jpg",\n                "correct": "No",\n                "opcion": ""\n              },\n              {\n                "resource": "https://aplicaciones.uteq.edu.ec:9549/api/files/EQnByY3S4e7H4Fg/3EaDzE7tRxqOVoe/LFrKFndj1hfpcmpVDx0M4uiZYCTMjHeB.jpg",\n                "correct": "Yes",\n                "opcion": ""\n              },\n              {\n                "resource": "https://aplicaciones.uteq.edu.ec:9549/api/files/EQnByY3S4e7H4Fg/inRX7zpOsGuK6zL/S7hxhfvPNfkq6wRXNtwVDq5ktqOUIyd7.jpg",\n                "correct": "Yes",\n                "opcion": ""\n              },\n              {\n                "resource": "https://aplicaciones.uteq.edu.ec:9549/api/files/EQnByY3S4e7H4Fg/7hgqiVew6wibW2M/AgtvD6GMBl9cVEf7Ff3HRCklrQKGM8hf.jpg",\n                "correct": "No",\n                "opcion": ""\n              }\n            ]\n          }\n        ]\n      },\n      {\n        "order_question": "0.2949014332351325",\n        "id_question": 1,\n        "name_questioncategory": "Multiple Option",\n        "title_question": "Identificar",\n        "description_question": "Identifique un monitor",\n        "feedback_question": "S, esta opcin es correcta por que s",\n        "hint_question": "Hay 2",\n        "pathurlsign_question": "https://aplicaciones.uteq.edu.ec:9549/api/files/EQnByY3S4e7H4Fg/knjaN0aCQ0fDcCb/8WVd6Ch9Zw73k2O7IuzBJ0UGaJ4ZG2Lj.mp4",\n        "pathurlvideo_question": "https://aplicaciones.uteq.edu.ec:9549/api/files/EQnByY3S4e7H4Fg/RKLAv2B5Cthk8Yy/QzlpyarKgoIUDa0UR0JdCxpANDNH6VBd.mp4",\n        "pathurlfile_question": "https://aplicaciones.uteq.edu.ec:9549/api/files/R0BDS4ixyAqvSUv/Czc3IJbUgLhUIzx/vINIsvtK61HjbUWWoyR1GrSTZ6swnyLX.docx",\n        "points_question": true,\n        "maximumpoints_question": 10,\n        "level_question": 1,\n        "answers_": [\n          {\n            "options_answer": [\n              {\n                "opcion": "",\n                "correct": "Yes",\n                "resource": "https://aplicaciones.uteq.edu.ec:9549/api/files/EQnByY3S4e7H4Fg/LiDPPahidwF7SG6/1qSFndIK47UoiuSnN8cPxLTtw6cIdypP.jpeg"\n              },\n              {\n                "opcion": "",\n                "correct": "No",\n                "resource": "https://aplicaciones.uteq.edu.ec:9549/api/files/EQnByY3S4e7H4Fg/NyHfWnrIzg9O8gN/ztzXCrvlBamJ7kPjsmR8YUaqTyTDVEWV.jpg"\n              },\n              {\n                "opcion": "",\n                "correct": "No",\n                "resource": "https://aplicaciones.uteq.edu.ec:9549/api/files/EQnByY3S4e7H4Fg/giBtuo7vQVl9uID/XaeuOAHIYexdh2zeWTOofYIc0DPaEI8k.png"\n              },\n              {\n                "opcion": "",\n                "correct": "Yes",\n                "resource": "https://aplicaciones.uteq.edu.ec:9549/api/files/EQnByY3S4e7H4Fg/7LwDskH1RA6fEpf/oBYgG7sQbhA8zW4GyGRDVS1LlunekkOl.png"\n              }\n            ]\n          }\n        ]\n      },\n      {\n        "order_question": "0.645800882759513",\n        "id_question": 7,\n        "name_questioncategory": "Multiple Option",\n        "title_question": "Conocimiento",\n        "description_question": "En que ao NO se invent la computadora",\n        "feedback_question": "S, esta opcin es correcta por que s",\n        "hint_question": "Apuesto que no estabas vivo",\n        "pathurlsign_question": "",\n        "pathurlvideo_question": null,\n        "pathurlfile_question": "https://aplicaciones.uteq.edu.ec:9549/api/files/R0BDS4ixyAqvSUv/Czc3IJbUgLhUIzx/vINIsvtK61HjbUWWoyR1GrSTZ6swnyLX.docx",\n        "points_question": true,\n        "maximumpoints_question": 30,\n        "level_question": 5,\n        "answers_": [\n          {\n            "options_answer": [\n              {\n                "opcion": "1936",\n                "correct": "No",\n                "resource": ""\n              },\n              {\n                "opcion": "1950",\n                "correct": "Yes",\n                "resource": ""\n              },\n              {\n                "opcion": "1930",\n                "correct": "Yes",\n                "resource": ""\n              }\n            ]\n          }\n        ]\n      },\n      {\n        "order_question": "0.7918168868741304",\n        "id_question": 45,\n        "name_questioncategory": "Build word",\n        "title_question": "Armar palabra",\n        "description_question": "Complete el nombre que pertenece a la imagen mostrada",\n        "feedback_question": "El teclado ",\n        "hint_question": "Existe una santa llamada Santa Tecla",\n        "pathurlsign_question": "",\n        "pathurlvideo_question": "",\n        "pathurlfile_question": "https://aplicaciones.uteq.edu.ec:9549/api/files/EQnByY3S4e7H4Fg/mauwdytC026LRs3/hqg2wbp9GXb4c2A7SOs0RIX0e2xEBKKb.jpg",\n        "points_question": true,\n        "maximumpoints_question": 10,\n        "level_question": 5,\n        "answers_": [\n          {\n            "options_answer": {\n              "word_question": "EL TECLADO"\n            }\n          }\n        ]\n      },\n      {\n        "order_question": "0.07058767674445932",\n        "id_question": 29,\n        "name_questioncategory": "Complete",\n        "title_question": "Completar",\n        "description_question": "selecciona la imagen acorde y complete",\n        "feedback_question": "El teclado ",\n        "hint_question": "Existe una santa llamada Santa Tecla",\n        "pathurlsign_question": "https://aplicaciones.uteq.edu.ec:9549/api/files/EQnByY3S4e7H4Fg/knjaN0aCQ0fDcCb/8WVd6Ch9Zw73k2O7IuzBJ0UGaJ4ZG2Lj.mp4",\n        "pathurlvideo_question": "https://aplicaciones.uteq.edu.ec:9549/api/files/EQnByY3S4e7H4Fg/RKLAv2B5Cthk8Yy/QzlpyarKgoIUDa0UR0JdCxpANDNH6VBd.mp4",\n        "pathurlfile_question": "https://aplicaciones.uteq.edu.ec:9549/api/files/R0BDS4ixyAqvSUv/Czc3IJbUgLhUIzx/vINIsvtK61HjbUWWoyR1GrSTZ6swnyLX.docx",\n        "points_question": true,\n        "maximumpoints_question": 10,\n        "level_question": 2,\n        "answers_": [\n          {\n            "options_answer": [\n              {\n                "description_question": "El computador es una mquina {$option$} diseada para la manipulacin y procesamiento de {$option$}.",\n                "description_question_R": "El computador es una mquina electrnica diseada para la manipulacin y procesamiento de datos.",\n                "options": [\n                  {\n                    "option": "electrnica",\n                    "resource": ""\n                  },\n                  {\n                    "option": "datos",\n                    "resource": ""\n                  },\n                  {\n                    "option": "asesina",\n                    "resource": ""\n                  },\n                  {\n                    "option": "comida",\n                    "resource": ""\n                  }\n                ]\n              }\n            ]\n          }\n        ]\n      },\n      {\n        "order_question": "0.4674264536156585",\n        "id_question": 10,\n        "name_questioncategory": "Relate",\n        "title_question": "Relacionar",\n        "description_question": "Relacione el nombre con su descripcin grfica",\n        "feedback_question": "S, esta opcin es correcta por que s",\n        "hint_question": null,\n        "pathurlsign_question": "https://aplicaciones.uteq.edu.ec:9549/api/files/EQnByY3S4e7H4Fg/RKLAv2B5Cthk8Yy/QzlpyarKgoIUDa0UR0JdCxpANDNH6VBd.mp4",\n        "pathurlvideo_question": "https://aplicaciones.uteq.edu.ec:9549/api/files/EQnByY3S4e7H4Fg/knjaN0aCQ0fDcCb/8WVd6Ch9Zw73k2O7IuzBJ0UGaJ4ZG2Lj.mp4",\n        "pathurlfile_question": "https://aplicaciones.uteq.edu.ec:9549/api/files/R0BDS4ixyAqvSUv/Czc3IJbUgLhUIzx/vINIsvtK61HjbUWWoyR1GrSTZ6swnyLX.docx",\n        "points_question": true,\n        "maximumpoints_question": 40,\n        "level_question": 3,\n        "answers_": [\n          {\n            "options_answer": [\n              {\n                "rightSide": "Monitor",\n                "resourse_rightSide": "",\n                "leftSide": "",\n                "resourse_leftSide": "https://aplicaciones.uteq.edu.ec:9549/api/files/EQnByY3S4e7H4Fg/VlRSQeUvJjD6dtv/HpDs37BAy9FsqE7f7UIpHVUnITBabFGs.jpg"\n              },\n              {\n                "rightSide": "Teclado",\n                "resourse_rightSide": "",\n                "leftSide": "",\n                "resourse_leftSide": "https://aplicaciones.uteq.edu.ec:9549/api/files/EQnByY3S4e7H4Fg/Rn0bEESFoRaWsqo/yxb8lF4AwXB08RSyf6liDf0F8ZOXTJ8D.png"\n              },\n              {\n                "rightSide": "Mouse",\n                "resourse_rightSide": "",\n                "leftSide": "",\n                "resourse_leftSide": "https://aplicaciones.uteq.edu.ec:9549/api/files/EQnByY3S4e7H4Fg/ZHqPxlcCPP7nP8M/8RLt50eSWN2YRABJKFgI53OAEDtstQg9.jpg"\n              },\n              {\n                "rightSide": "Audifonos",\n                "resourse_rightSide": "",\n                "leftSide": "",\n                "resourse_leftSide": "https://aplicaciones.uteq.edu.ec:9549/api/files/EQnByY3S4e7H4Fg/4b2aTKbPK0nWScQ/2oGyTY5u5Tq90kMAu6M0B6eUqyPHsn3d.jpg"\n              }\n            ]\n          }\n        ]\n      },\n      {\n        "order_question": "0.8357970053282209",\n        "id_question": 12,\n        "name_questioncategory": "Relate",\n        "title_question": "Analizar",\n        "description_question": "Relacione para que sirve",\n        "feedback_question": "S, esta opcin es correcta por que s",\n        "hint_question": null,\n        "pathurlsign_question": "",\n        "pathurlvideo_question": null,\n        "pathurlfile_question": "https://aplicaciones.uteq.edu.ec:9549/api/files/archivos/eJBzVX9CprMX9K6/hoQDoUpftwO8e5OOjHcACPtxrUid1ODr.pdf",\n        "points_question": true,\n        "maximumpoints_question": 40,\n        "level_question": 3,\n        "answers_": [\n          {\n            "options_answer": [\n              {\n                "rightSide": "Monitor",\n                "resourse_rightSide": "",\n                "leftSide": "Sirve para visualizar informacin",\n                "resourse_leftSide": ""\n              },\n              {\n                "rightSide": "Teclado",\n                "resourse_rightSide": "",\n                "leftSide": "Se usa para escribir",\n                "resourse_leftSide": ""\n              },\n              {\n                "rightSide": "Mouse",\n                "resourse_rightSide": "",\n                "leftSide": "Se utiliza para movernos con el cursos",\n                "resourse_leftSide": ""\n              },\n              {\n                "rightSide": "Audifnos",\n                "resourse_rightSide": "",\n                "leftSide": "Es usado para escuchar audios",\n                "resourse_leftSide": ""\n              }\n            ]\n          }\n        ]\n      }\n    ]\n  }\n]	2022-08-21 00:51:04	120.00	2	62.00	2	1
1	[\n  {\n    "name_evaluation": "Conocimientos bsicos",\n    "description_evaluation": "para evaluar los conocimientos",\n    "time_evaluation": true,\n    "timeminutes_evaluation": 120,\n    "order_category": true,\n    "questions_": [\n      {\n        "order_question": "0.37082165164593306",\n        "id_question": 27,\n        "name_questioncategory": "True or False",\n        "title_question": "Memoria",\n        "description_question": "El monitor procesa la informacin",\n        "feedback_question": "CPU",\n        "hint_question": "El monitor sirve para visualizar",\n        "pathurlsign_question": "",\n        "pathurlvideo_question": null,\n        "pathurlfile_question": null,\n        "points_question": false,\n        "maximumpoints_question": 10,\n        "level_question": 2,\n        "answers_": [\n          {\n            "options_answer": [\n              {\n                "opcion": "Verdadero",\n                "correct": "No"\n              },\n              {\n                "opcion": "Falso",\n                "correct": "Yes"\n              }\n            ]\n          }\n        ],\n        "canResource": false\n      },\n      {\n        "order_question": "0.5954469908235787",\n        "id_question": 25,\n        "name_questioncategory": "True or False",\n        "title_question": "Analizar",\n        "description_question": "El software NO es la parte tangible de la computadora",\n        "feedback_question": "El software son las aplicaciones",\n        "hint_question": "Esta aplicacin es un software por ende no se puede....",\n        "pathurlsign_question": "https://aplicaciones.uteq.edu.ec:9549/api/files/EQnByY3S4e7H4Fg/gwFyedSaHzGsa4j/QpjYHzzyVJaD2HnrD5PhIQStwzaeIRrQ.mp4",\n        "pathurlvideo_question": null,\n        "pathurlfile_question": null,\n        "points_question": true,\n        "maximumpoints_question": 10,\n        "level_question": 4,\n        "answers_": [\n          {\n            "options_answer": [\n              {\n                "opcion": "Verdadero",\n                "correct": "Yes"\n              },\n              {\n                "opcion": "Falso",\n                "correct": "No"\n              }\n            ]\n          }\n        ]\n      },\n      {\n        "order_question": "0.16578112454198646",\n        "id_question": 6,\n        "name_questioncategory": "Simple Option",\n        "title_question": "Analizar",\n        "description_question": "El monitor y la impresora son dispositivos:",\n        "feedback_question": "S, esta opcin es correcta por que s",\n        "hint_question": "Cuando vas al cyber a que te saquen copia, entra los datos para que despus s...",\n        "pathurlsign_question": "https://aplicaciones.uteq.edu.ec:9549/api/files/EQnByY3S4e7H4Fg/TPnnDRDnid2PhWc/XGR0AAoiVLQMLLy3fqtSRdlDw8xVxf6l.mp4",\n        "pathurlvideo_question": "https://aplicaciones.uteq.edu.ec:9549/api/files/EQnByY3S4e7H4Fg/gwFyedSaHzGsa4j/QpjYHzzyVJaD2HnrD5PhIQStwzaeIRrQ.mp4",\n        "pathurlfile_question": "https://aplicaciones.uteq.edu.ec:9549/api/files/R0BDS4ixyAqvSUv/Czc3IJbUgLhUIzx/vINIsvtK61HjbUWWoyR1GrSTZ6swnyLX.docx",\n        "points_question": false,\n        "maximumpoints_question": 0,\n        "level_question": 2,\n        "answers_": [\n          {\n            "options_answer": [\n              {\n                "opcion": "Mixto",\n                "correct": "No",\n                "resource": ""\n              },\n              {\n                "opcion": "Entrada",\n                "correct": "No",\n                "resource": ""\n              },\n              {\n                "opcion": "Almacenamiento",\n                "correct": "No",\n                "resource": ""\n              },\n              {\n                "opcion": "Salida",\n                "correct": "Yes",\n                "resource": ""\n              }\n            ]\n          }\n        ]\n      },\n      {\n        "order_question": "0.2732057059317725",\n        "id_question": 5,\n        "name_questioncategory": "Simple Option",\n        "title_question": "Identificar",\n        "description_question": "Identifique un teclado",\n        "feedback_question": "S, esta opcin es correcta por que s",\n        "hint_question": "Es blanco",\n        "pathurlsign_question": "https://aplicaciones.uteq.edu.ec:9549/api/files/EQnByY3S4e7H4Fg/tTEzSGNxmX6d1rD/aPVGei7LU9svbf7zny59A5FHcnK1Bum8.mp4",\n        "pathurlvideo_question": "https://aplicaciones.uteq.edu.ec:9549/api/files/EQnByY3S4e7H4Fg/DFOcBRVHBHAgMkc/NyUZYw5NaKYQijV8gKpW0paR4CoXUS2O.mp4",\n        "pathurlfile_question": null,\n        "points_question": true,\n        "maximumpoints_question": 10,\n        "level_question": 1,\n        "answers_": [\n          {\n            "options_answer": [\n              {\n                "opcion": "",\n                "correct": "No",\n                "resource": "https://aplicaciones.uteq.edu.ec:9549/api/files/EQnByY3S4e7H4Fg/6SqR0F0pC1GK7Iq/uqWEFxONWUjcwhmv6sJB8RAtvpXBHZiZ.jpg"\n              },\n              {\n                "opcion": "",\n                "correct": "Yes",\n                "resource": "https://aplicaciones.uteq.edu.ec:9549/api/files/EQnByY3S4e7H4Fg/iEheso94ithGkXd/nw0EoFgE7Z3HWKffKQBpDAm3M2yDrypI.jpg"\n              },\n              {\n                "opcion": "",\n                "correct": "No",\n                "resource": "https://aplicaciones.uteq.edu.ec:9549/api/files/EQnByY3S4e7H4Fg/W54TkubCDeTaKez/FCk4JgsEt6bdovNM6xuRWsJD023gKgi1.jpg"\n              }\n            ]\n          }\n        ]\n      },\n      {\n        "order_question": "0.28331658595399745",\n        "id_question": 13,\n        "name_questioncategory": "Simple Option",\n        "title_question": "Analizar",\n        "description_question": "El teclado es un dispositivo de:",\n        "feedback_question": "S, esta opcin es correcta por que s",\n        "hint_question": "Con lo que se escribi esta pregunta, es decir los datos en...",\n        "pathurlsign_question": "",\n        "pathurlvideo_question": null,\n        "pathurlfile_question": "https://aplicaciones.uteq.edu.ec:9549/api/files/R0BDS4ixyAqvSUv/Czc3IJbUgLhUIzx/vINIsvtK61HjbUWWoyR1GrSTZ6swnyLX.docx",\n        "points_question": true,\n        "maximumpoints_question": 10,\n        "level_question": 1,\n        "answers_": [\n          {\n            "options_answer": [\n              {\n                "opcion": "Entrada y Salida",\n                "correct": "No",\n                "resource": ""\n              },\n              {\n                "opcion": "Entrada",\n                "correct": "Yes",\n                "resource": ""\n              },\n              {\n                "opcion": "Salida",\n                "correct": "No",\n                "resource": ""\n              },\n              {\n                "opcion": "Almacenamiento",\n                "correct": "No",\n                "resource": ""\n              }\n            ]\n          }\n        ]\n      },\n      {\n        "order_question": "0.5783991617925786",\n        "id_question": 9,\n        "name_questioncategory": "Simple Option",\n        "title_question": "Identificar",\n        "description_question": "Seleccione la imagen que crea corresponda a un CPU",\n        "feedback_question": "S, esta opcin es correcta por que s",\n        "hint_question": "Mira dos veces",\n        "pathurlsign_question": "https://aplicaciones.uteq.edu.ec:9549/api/files/EQnByY3S4e7H4Fg/DFOcBRVHBHAgMkc/NyUZYw5NaKYQijV8gKpW0paR4CoXUS2O.mp4",\n        "pathurlvideo_question": null,\n        "pathurlfile_question": null,\n        "points_question": false,\n        "maximumpoints_question": 0,\n        "level_question": 1,\n        "answers_": [\n          {\n            "options_answer": [\n              {\n                "resource": "https://aplicaciones.uteq.edu.ec:9549/api/files/EQnByY3S4e7H4Fg/T1FiFxpJ5FFIhGQ/zhEgEH6oitiX58awBRtlf2bNnu2V9aqD.png",\n                "correct": "No",\n                "opcion": ""\n              },\n              {\n                "resource": "https://aplicaciones.uteq.edu.ec:9549/api/files/EQnByY3S4e7H4Fg/HW478gH7DJ8BNFt/HxQSv1uaVwGoXHWI3gJ5udulfcnUfDOk.jpg",\n                "correct": "Yes",\n                "opcion": ""\n              }\n            ]\n          }\n        ]\n      },\n      {\n        "order_question": "0.922517389704705",\n        "id_question": 2,\n        "name_questioncategory": "Simple Option",\n        "title_question": "Analizar",\n        "description_question": "El computador sirve para:",\n        "feedback_question": "S, esta opcin es correcta por que s",\n        "hint_question": "Con lo que se redact este mensaje",\n        "pathurlsign_question": "https://aplicaciones.uteq.edu.ec:9549/api/files/EQnByY3S4e7H4Fg/gwFyedSaHzGsa4j/QpjYHzzyVJaD2HnrD5PhIQStwzaeIRrQ.mp4",\n        "pathurlvideo_question": "https://aplicaciones.uteq.edu.ec:9549/api/files/EQnByY3S4e7H4Fg/TPnnDRDnid2PhWc/XGR0AAoiVLQMLLy3fqtSRdlDw8xVxf6l.mp4",\n        "pathurlfile_question": null,\n        "points_question": false,\n        "maximumpoints_question": 0,\n        "level_question": 1,\n        "answers_": [\n          {\n            "options_answer": [\n              {\n                "opcion": "Escribir",\n                "correct": "Yes",\n                "resource": ""\n              },\n              {\n                "opcion": "Comer",\n                "correct": "No",\n                "resource": ""\n              },\n              {\n                "opcion": "Tomar bebidas",\n                "correct": "No",\n                "resource": ""\n              },\n              {\n                "opcion": "Ninguna de las anteriores",\n                "correct": "No",\n                "resource": ""\n              },\n              {\n                "opcion": "Todas las anteriores",\n                "correct": "No",\n                "resource": ""\n              }\n            ]\n          }\n        ]\n      },\n      {\n        "order_question": "0.009456838644982923",\n        "id_question": 8,\n        "name_questioncategory": "Multiple Option",\n        "title_question": "Identificar",\n        "description_question": "Seleccione la imagen que crea corresponda a un mouse",\n        "feedback_question": "S, esta opcin es correcta por que s",\n        "hint_question": null,\n        "pathurlsign_question": "https://aplicaciones.uteq.edu.ec:9549/api/files/EQnByY3S4e7H4Fg/D3JYGDeLa0mekT7/gHlND2phY5GkT1CnjLEBkzPPwx8dUPUq.mp4",\n        "pathurlvideo_question": "https://aplicaciones.uteq.edu.ec:9549/api/files/EQnByY3S4e7H4Fg/DFOcBRVHBHAgMkc/NyUZYw5NaKYQijV8gKpW0paR4CoXUS2O.mp4",\n        "pathurlfile_question": "https://aplicaciones.uteq.edu.ec:9549/api/files/archivos/eJBzVX9CprMX9K6/hoQDoUpftwO8e5OOjHcACPtxrUid1ODr.pdf",\n        "points_question": true,\n        "maximumpoints_question": 10,\n        "level_question": 2,\n        "answers_": [\n          {\n            "options_answer": [\n              {\n                "resource": "https://aplicaciones.uteq.edu.ec:9549/api/files/EQnByY3S4e7H4Fg/pw7UaSdVPpo3CUc/Svk0AdtmW5TLtToVcaMbGmAwlcWIAupi.jpg",\n                "correct": "No",\n                "opcion": ""\n              },\n              {\n                "resource": "https://aplicaciones.uteq.edu.ec:9549/api/files/EQnByY3S4e7H4Fg/3EaDzE7tRxqOVoe/LFrKFndj1hfpcmpVDx0M4uiZYCTMjHeB.jpg",\n                "correct": "Yes",\n                "opcion": ""\n              },\n              {\n                "resource": "https://aplicaciones.uteq.edu.ec:9549/api/files/EQnByY3S4e7H4Fg/inRX7zpOsGuK6zL/S7hxhfvPNfkq6wRXNtwVDq5ktqOUIyd7.jpg",\n                "correct": "Yes",\n                "opcion": ""\n              },\n              {\n                "resource": "https://aplicaciones.uteq.edu.ec:9549/api/files/EQnByY3S4e7H4Fg/7hgqiVew6wibW2M/AgtvD6GMBl9cVEf7Ff3HRCklrQKGM8hf.jpg",\n                "correct": "No",\n                "opcion": ""\n              }\n            ]\n          }\n        ]\n      },\n      {\n        "order_question": "0.2949014332351325",\n        "id_question": 1,\n        "name_questioncategory": "Multiple Option",\n        "title_question": "Identificar",\n        "description_question": "Identifique un monitor",\n        "feedback_question": "S, esta opcin es correcta por que s",\n        "hint_question": "Hay 2",\n        "pathurlsign_question": "https://aplicaciones.uteq.edu.ec:9549/api/files/EQnByY3S4e7H4Fg/knjaN0aCQ0fDcCb/8WVd6Ch9Zw73k2O7IuzBJ0UGaJ4ZG2Lj.mp4",\n        "pathurlvideo_question": "https://aplicaciones.uteq.edu.ec:9549/api/files/EQnByY3S4e7H4Fg/RKLAv2B5Cthk8Yy/QzlpyarKgoIUDa0UR0JdCxpANDNH6VBd.mp4",\n        "pathurlfile_question": "https://aplicaciones.uteq.edu.ec:9549/api/files/R0BDS4ixyAqvSUv/Czc3IJbUgLhUIzx/vINIsvtK61HjbUWWoyR1GrSTZ6swnyLX.docx",\n        "points_question": true,\n        "maximumpoints_question": 10,\n        "level_question": 1,\n        "answers_": [\n          {\n            "options_answer": [\n              {\n                "opcion": "",\n                "correct": "Yes",\n                "resource": "https://aplicaciones.uteq.edu.ec:9549/api/files/EQnByY3S4e7H4Fg/LiDPPahidwF7SG6/1qSFndIK47UoiuSnN8cPxLTtw6cIdypP.jpeg"\n              },\n              {\n                "opcion": "",\n                "correct": "No",\n                "resource": "https://aplicaciones.uteq.edu.ec:9549/api/files/EQnByY3S4e7H4Fg/NyHfWnrIzg9O8gN/ztzXCrvlBamJ7kPjsmR8YUaqTyTDVEWV.jpg"\n              },\n              {\n                "opcion": "",\n                "correct": "No",\n                "resource": "https://aplicaciones.uteq.edu.ec:9549/api/files/EQnByY3S4e7H4Fg/giBtuo7vQVl9uID/XaeuOAHIYexdh2zeWTOofYIc0DPaEI8k.png"\n              },\n              {\n                "opcion": "",\n                "correct": "Yes",\n                "resource": "https://aplicaciones.uteq.edu.ec:9549/api/files/EQnByY3S4e7H4Fg/7LwDskH1RA6fEpf/oBYgG7sQbhA8zW4GyGRDVS1LlunekkOl.png"\n              }\n            ]\n          }\n        ]\n      },\n      {\n        "order_question": "0.645800882759513",\n        "id_question": 7,\n        "name_questioncategory": "Multiple Option",\n        "title_question": "Conocimiento",\n        "description_question": "En que ao NO se invent la computadora",\n        "feedback_question": "S, esta opcin es correcta por que s",\n        "hint_question": "Apuesto que no estabas vivo",\n        "pathurlsign_question": "",\n        "pathurlvideo_question": null,\n        "pathurlfile_question": "https://aplicaciones.uteq.edu.ec:9549/api/files/R0BDS4ixyAqvSUv/Czc3IJbUgLhUIzx/vINIsvtK61HjbUWWoyR1GrSTZ6swnyLX.docx",\n        "points_question": true,\n        "maximumpoints_question": 30,\n        "level_question": 5,\n        "answers_": [\n          {\n            "options_answer": [\n              {\n                "opcion": "1936",\n                "correct": "No",\n                "resource": ""\n              },\n              {\n                "opcion": "1950",\n                "correct": "Yes",\n                "resource": ""\n              },\n              {\n                "opcion": "1930",\n                "correct": "Yes",\n                "resource": ""\n              }\n            ]\n          }\n        ]\n      },\n      {\n        "order_question": "0.7918168868741304",\n        "id_question": 45,\n        "name_questioncategory": "Build word",\n        "title_question": "Armar palabra",\n        "description_question": "Complete el nombre que pertenece a la imagen mostrada",\n        "feedback_question": "El teclado ",\n        "hint_question": "Existe una santa llamada Santa Tecla",\n        "pathurlsign_question": "",\n        "pathurlvideo_question": "",\n        "pathurlfile_question": "https://aplicaciones.uteq.edu.ec:9549/api/files/EQnByY3S4e7H4Fg/mauwdytC026LRs3/hqg2wbp9GXb4c2A7SOs0RIX0e2xEBKKb.jpg",\n        "points_question": true,\n        "maximumpoints_question": 10,\n        "level_question": 5,\n        "answers_": [\n          {\n            "options_answer": {\n              "word_question": "EL TECLADO"\n            }\n          }\n        ]\n      },\n      {\n        "order_question": "0.07058767674445932",\n        "id_question": 29,\n        "name_questioncategory": "Complete",\n        "title_question": "Completar",\n        "description_question": "selecciona la imagen acorde y complete",\n        "feedback_question": "El teclado ",\n        "hint_question": "Existe una santa llamada Santa Tecla",\n        "pathurlsign_question": "https://aplicaciones.uteq.edu.ec:9549/api/files/EQnByY3S4e7H4Fg/knjaN0aCQ0fDcCb/8WVd6Ch9Zw73k2O7IuzBJ0UGaJ4ZG2Lj.mp4",\n        "pathurlvideo_question": "https://aplicaciones.uteq.edu.ec:9549/api/files/EQnByY3S4e7H4Fg/RKLAv2B5Cthk8Yy/QzlpyarKgoIUDa0UR0JdCxpANDNH6VBd.mp4",\n        "pathurlfile_question": "https://aplicaciones.uteq.edu.ec:9549/api/files/R0BDS4ixyAqvSUv/Czc3IJbUgLhUIzx/vINIsvtK61HjbUWWoyR1GrSTZ6swnyLX.docx",\n        "points_question": true,\n        "maximumpoints_question": 10,\n        "level_question": 2,\n        "answers_": [\n          {\n            "options_answer": [\n              {\n                "description_question": "El computador es una mquina {$option$} diseada para la manipulacin y procesamiento de {$option$}.",\n                "description_question_R": "El computador es una mquina electrnica diseada para la manipulacin y procesamiento de datos.",\n                "options": [\n                  {\n                    "option": "electrnica",\n                    "resource": ""\n                  },\n                  {\n                    "option": "datos",\n                    "resource": ""\n                  },\n                  {\n                    "option": "asesina",\n                    "resource": ""\n                  },\n                  {\n                    "option": "comida",\n                    "resource": ""\n                  }\n                ]\n              }\n            ]\n          }\n        ]\n      },\n      {\n        "order_question": "0.4674264536156585",\n        "id_question": 10,\n        "name_questioncategory": "Relate",\n        "title_question": "Relacionar",\n        "description_question": "Relacione el nombre con su descripcin grfica",\n        "feedback_question": "S, esta opcin es correcta por que s",\n        "hint_question": null,\n        "pathurlsign_question": "https://aplicaciones.uteq.edu.ec:9549/api/files/EQnByY3S4e7H4Fg/RKLAv2B5Cthk8Yy/QzlpyarKgoIUDa0UR0JdCxpANDNH6VBd.mp4",\n        "pathurlvideo_question": "https://aplicaciones.uteq.edu.ec:9549/api/files/EQnByY3S4e7H4Fg/knjaN0aCQ0fDcCb/8WVd6Ch9Zw73k2O7IuzBJ0UGaJ4ZG2Lj.mp4",\n        "pathurlfile_question": "https://aplicaciones.uteq.edu.ec:9549/api/files/R0BDS4ixyAqvSUv/Czc3IJbUgLhUIzx/vINIsvtK61HjbUWWoyR1GrSTZ6swnyLX.docx",\n        "points_question": true,\n        "maximumpoints_question": 40,\n        "level_question": 3,\n        "answers_": [\n          {\n            "options_answer": [\n              {\n                "rightSide": "Monitor",\n                "resourse_rightSide": "",\n                "leftSide": "",\n                "resourse_leftSide": "https://aplicaciones.uteq.edu.ec:9549/api/files/EQnByY3S4e7H4Fg/VlRSQeUvJjD6dtv/HpDs37BAy9FsqE7f7UIpHVUnITBabFGs.jpg"\n              },\n              {\n                "rightSide": "Teclado",\n                "resourse_rightSide": "",\n                "leftSide": "",\n                "resourse_leftSide": "https://aplicaciones.uteq.edu.ec:9549/api/files/EQnByY3S4e7H4Fg/Rn0bEESFoRaWsqo/yxb8lF4AwXB08RSyf6liDf0F8ZOXTJ8D.png"\n              },\n              {\n                "rightSide": "Mouse",\n                "resourse_rightSide": "",\n                "leftSide": "",\n                "resourse_leftSide": "https://aplicaciones.uteq.edu.ec:9549/api/files/EQnByY3S4e7H4Fg/ZHqPxlcCPP7nP8M/8RLt50eSWN2YRABJKFgI53OAEDtstQg9.jpg"\n              },\n              {\n                "rightSide": "Audifonos",\n                "resourse_rightSide": "",\n                "leftSide": "",\n                "resourse_leftSide": "https://aplicaciones.uteq.edu.ec:9549/api/files/EQnByY3S4e7H4Fg/4b2aTKbPK0nWScQ/2oGyTY5u5Tq90kMAu6M0B6eUqyPHsn3d.jpg"\n              }\n            ]\n          }\n        ]\n      },\n      {\n        "order_question": "0.8357970053282209",\n        "id_question": 12,\n        "name_questioncategory": "Relate",\n        "title_question": "Analizar",\n        "description_question": "Relacione para que sirve",\n        "feedback_question": "S, esta opcin es correcta por que s",\n        "hint_question": null,\n        "pathurlsign_question": "",\n        "pathurlvideo_question": null,\n        "pathurlfile_question": "https://aplicaciones.uteq.edu.ec:9549/api/files/archivos/eJBzVX9CprMX9K6/hoQDoUpftwO8e5OOjHcACPtxrUid1ODr.pdf",\n        "points_question": true,\n        "maximumpoints_question": 40,\n        "level_question": 3,\n        "answers_": [\n          {\n            "options_answer": [\n              {\n                "rightSide": "Monitor",\n                "resourse_rightSide": "",\n                "leftSide": "Sirve para visualizar informacin",\n                "resourse_leftSide": ""\n              },\n              {\n                "rightSide": "Teclado",\n                "resourse_rightSide": "",\n                "leftSide": "Se usa para escribir",\n                "resourse_leftSide": ""\n              },\n              {\n                "rightSide": "Mouse",\n                "resourse_rightSide": "",\n                "leftSide": "Se utiliza para movernos con el cursos",\n                "resourse_leftSide": ""\n              },\n              {\n                "rightSide": "Audifnos",\n                "resourse_rightSide": "",\n                "leftSide": "Es usado para escuchar audios",\n                "resourse_leftSide": ""\n              }\n            ]\n          }\n        ]\n      }\n    ]\n  }\n]	2022-08-20 23:33:07	190.00	1	61.00	2	1
3	[\n  {\n    "name_evaluation": "Conocimientos bsicos",\n    "description_evaluation": "para evaluar los conocimientos",\n    "time_evaluation": true,\n    "timeminutes_evaluation": 120,\n    "order_category": true,\n    "questions_": [\n      {\n        "order_question": "0.37082165164593306",\n        "id_question": 27,\n        "name_questioncategory": "True or False",\n        "title_question": "Memoria",\n        "description_question": "El monitor procesa la informacin",\n        "feedback_question": "CPU",\n        "hint_question": "El monitor sirve para visualizar",\n        "pathurlsign_question": "",\n        "pathurlvideo_question": null,\n        "pathurlfile_question": null,\n        "points_question": false,\n        "maximumpoints_question": 10,\n        "level_question": 2,\n        "answers_": [\n          {\n            "options_answer": [\n              {\n                "opcion": "Verdadero",\n                "correct": "No"\n              },\n              {\n                "opcion": "Falso",\n                "correct": "Yes"\n              }\n            ]\n          }\n        ],\n        "canResource": false\n      },\n      {\n        "order_question": "0.5954469908235787",\n        "id_question": 25,\n        "name_questioncategory": "True or False",\n        "title_question": "Analizar",\n        "description_question": "El software NO es la parte tangible de la computadora",\n        "feedback_question": "El software son las aplicaciones",\n        "hint_question": "Esta aplicacin es un software por ende no se puede....",\n        "pathurlsign_question": "https://aplicaciones.uteq.edu.ec:9549/api/files/EQnByY3S4e7H4Fg/gwFyedSaHzGsa4j/QpjYHzzyVJaD2HnrD5PhIQStwzaeIRrQ.mp4",\n        "pathurlvideo_question": null,\n        "pathurlfile_question": null,\n        "points_question": true,\n        "maximumpoints_question": 10,\n        "level_question": 4,\n        "answers_": [\n          {\n            "options_answer": [\n              {\n                "opcion": "Verdadero",\n                "correct": "Yes"\n              },\n              {\n                "opcion": "Falso",\n                "correct": "No"\n              }\n            ]\n          }\n        ]\n      },\n      {\n        "order_question": "0.16578112454198646",\n        "id_question": 6,\n        "name_questioncategory": "Simple Option",\n        "title_question": "Analizar",\n        "description_question": "El monitor y la impresora son dispositivos:",\n        "feedback_question": "S, esta opcin es correcta por que s",\n        "hint_question": "Cuando vas al cyber a que te saquen copia, entra los datos para que despus s...",\n        "pathurlsign_question": "https://aplicaciones.uteq.edu.ec:9549/api/files/EQnByY3S4e7H4Fg/TPnnDRDnid2PhWc/XGR0AAoiVLQMLLy3fqtSRdlDw8xVxf6l.mp4",\n        "pathurlvideo_question": "https://aplicaciones.uteq.edu.ec:9549/api/files/EQnByY3S4e7H4Fg/gwFyedSaHzGsa4j/QpjYHzzyVJaD2HnrD5PhIQStwzaeIRrQ.mp4",\n        "pathurlfile_question": "https://aplicaciones.uteq.edu.ec:9549/api/files/R0BDS4ixyAqvSUv/Czc3IJbUgLhUIzx/vINIsvtK61HjbUWWoyR1GrSTZ6swnyLX.docx",\n        "points_question": false,\n        "maximumpoints_question": 0,\n        "level_question": 2,\n        "answers_": [\n          {\n            "options_answer": [\n              {\n                "opcion": "Mixto",\n                "correct": "No",\n                "resource": ""\n              },\n              {\n                "opcion": "Entrada",\n                "correct": "No",\n                "resource": ""\n              },\n              {\n                "opcion": "Almacenamiento",\n                "correct": "No",\n                "resource": ""\n              },\n              {\n                "opcion": "Salida",\n                "correct": "Yes",\n                "resource": ""\n              }\n            ]\n          }\n        ]\n      },\n      {\n        "order_question": "0.2732057059317725",\n        "id_question": 5,\n        "name_questioncategory": "Simple Option",\n        "title_question": "Identificar",\n        "description_question": "Identifique un teclado",\n        "feedback_question": "S, esta opcin es correcta por que s",\n        "hint_question": "Es blanco",\n        "pathurlsign_question": "https://aplicaciones.uteq.edu.ec:9549/api/files/EQnByY3S4e7H4Fg/tTEzSGNxmX6d1rD/aPVGei7LU9svbf7zny59A5FHcnK1Bum8.mp4",\n        "pathurlvideo_question": "https://aplicaciones.uteq.edu.ec:9549/api/files/EQnByY3S4e7H4Fg/DFOcBRVHBHAgMkc/NyUZYw5NaKYQijV8gKpW0paR4CoXUS2O.mp4",\n        "pathurlfile_question": null,\n        "points_question": true,\n        "maximumpoints_question": 10,\n        "level_question": 1,\n        "answers_": [\n          {\n            "options_answer": [\n              {\n                "opcion": "",\n                "correct": "No",\n                "resource": "https://aplicaciones.uteq.edu.ec:9549/api/files/EQnByY3S4e7H4Fg/6SqR0F0pC1GK7Iq/uqWEFxONWUjcwhmv6sJB8RAtvpXBHZiZ.jpg"\n              },\n              {\n                "opcion": "",\n                "correct": "Yes",\n                "resource": "https://aplicaciones.uteq.edu.ec:9549/api/files/EQnByY3S4e7H4Fg/iEheso94ithGkXd/nw0EoFgE7Z3HWKffKQBpDAm3M2yDrypI.jpg"\n              },\n              {\n                "opcion": "",\n                "correct": "No",\n                "resource": "https://aplicaciones.uteq.edu.ec:9549/api/files/EQnByY3S4e7H4Fg/W54TkubCDeTaKez/FCk4JgsEt6bdovNM6xuRWsJD023gKgi1.jpg"\n              }\n            ]\n          }\n        ]\n      },\n      {\n        "order_question": "0.28331658595399745",\n        "id_question": 13,\n        "name_questioncategory": "Simple Option",\n        "title_question": "Analizar",\n        "description_question": "El teclado es un dispositivo de:",\n        "feedback_question": "S, esta opcin es correcta por que s",\n        "hint_question": "Con lo que se escribi esta pregunta, es decir los datos en...",\n        "pathurlsign_question": "",\n        "pathurlvideo_question": null,\n        "pathurlfile_question": "https://aplicaciones.uteq.edu.ec:9549/api/files/R0BDS4ixyAqvSUv/Czc3IJbUgLhUIzx/vINIsvtK61HjbUWWoyR1GrSTZ6swnyLX.docx",\n        "points_question": true,\n        "maximumpoints_question": 10,\n        "level_question": 1,\n        "answers_": [\n          {\n            "options_answer": [\n              {\n                "opcion": "Entrada y Salida",\n                "correct": "No",\n                "resource": ""\n              },\n              {\n                "opcion": "Entrada",\n                "correct": "Yes",\n                "resource": ""\n              },\n              {\n                "opcion": "Salida",\n                "correct": "No",\n                "resource": ""\n              },\n              {\n                "opcion": "Almacenamiento",\n                "correct": "No",\n                "resource": ""\n              }\n            ]\n          }\n        ]\n      },\n      {\n        "order_question": "0.5783991617925786",\n        "id_question": 9,\n        "name_questioncategory": "Simple Option",\n        "title_question": "Identificar",\n        "description_question": "Seleccione la imagen que crea corresponda a un CPU",\n        "feedback_question": "S, esta opcin es correcta por que s",\n        "hint_question": "Mira dos veces",\n        "pathurlsign_question": "https://aplicaciones.uteq.edu.ec:9549/api/files/EQnByY3S4e7H4Fg/DFOcBRVHBHAgMkc/NyUZYw5NaKYQijV8gKpW0paR4CoXUS2O.mp4",\n        "pathurlvideo_question": null,\n        "pathurlfile_question": null,\n        "points_question": false,\n        "maximumpoints_question": 0,\n        "level_question": 1,\n        "answers_": [\n          {\n            "options_answer": [\n              {\n                "resource": "https://aplicaciones.uteq.edu.ec:9549/api/files/EQnByY3S4e7H4Fg/T1FiFxpJ5FFIhGQ/zhEgEH6oitiX58awBRtlf2bNnu2V9aqD.png",\n                "correct": "No",\n                "opcion": ""\n              },\n              {\n                "resource": "https://aplicaciones.uteq.edu.ec:9549/api/files/EQnByY3S4e7H4Fg/HW478gH7DJ8BNFt/HxQSv1uaVwGoXHWI3gJ5udulfcnUfDOk.jpg",\n                "correct": "Yes",\n                "opcion": ""\n              }\n            ]\n          }\n        ]\n      },\n      {\n        "order_question": "0.922517389704705",\n        "id_question": 2,\n        "name_questioncategory": "Simple Option",\n        "title_question": "Analizar",\n        "description_question": "El computador sirve para:",\n        "feedback_question": "S, esta opcin es correcta por que s",\n        "hint_question": "Con lo que se redact este mensaje",\n        "pathurlsign_question": "https://aplicaciones.uteq.edu.ec:9549/api/files/EQnByY3S4e7H4Fg/gwFyedSaHzGsa4j/QpjYHzzyVJaD2HnrD5PhIQStwzaeIRrQ.mp4",\n        "pathurlvideo_question": "https://aplicaciones.uteq.edu.ec:9549/api/files/EQnByY3S4e7H4Fg/TPnnDRDnid2PhWc/XGR0AAoiVLQMLLy3fqtSRdlDw8xVxf6l.mp4",\n        "pathurlfile_question": null,\n        "points_question": false,\n        "maximumpoints_question": 0,\n        "level_question": 1,\n        "answers_": [\n          {\n            "options_answer": [\n              {\n                "opcion": "Escribir",\n                "correct": "Yes",\n                "resource": ""\n              },\n              {\n                "opcion": "Comer",\n                "correct": "No",\n                "resource": ""\n              },\n              {\n                "opcion": "Tomar bebidas",\n                "correct": "No",\n                "resource": ""\n              },\n              {\n                "opcion": "Ninguna de las anteriores",\n                "correct": "No",\n                "resource": ""\n              },\n              {\n                "opcion": "Todas las anteriores",\n                "correct": "No",\n                "resource": ""\n              }\n            ]\n          }\n        ]\n      },\n      {\n        "order_question": "0.009456838644982923",\n        "id_question": 8,\n        "name_questioncategory": "Multiple Option",\n        "title_question": "Identificar",\n        "description_question": "Seleccione la imagen que crea corresponda a un mouse",\n        "feedback_question": "S, esta opcin es correcta por que s",\n        "hint_question": null,\n        "pathurlsign_question": "https://aplicaciones.uteq.edu.ec:9549/api/files/EQnByY3S4e7H4Fg/D3JYGDeLa0mekT7/gHlND2phY5GkT1CnjLEBkzPPwx8dUPUq.mp4",\n        "pathurlvideo_question": "https://aplicaciones.uteq.edu.ec:9549/api/files/EQnByY3S4e7H4Fg/DFOcBRVHBHAgMkc/NyUZYw5NaKYQijV8gKpW0paR4CoXUS2O.mp4",\n        "pathurlfile_question": "https://aplicaciones.uteq.edu.ec:9549/api/files/archivos/eJBzVX9CprMX9K6/hoQDoUpftwO8e5OOjHcACPtxrUid1ODr.pdf",\n        "points_question": true,\n        "maximumpoints_question": 10,\n        "level_question": 2,\n        "answers_": [\n          {\n            "options_answer": [\n              {\n                "resource": "https://aplicaciones.uteq.edu.ec:9549/api/files/EQnByY3S4e7H4Fg/pw7UaSdVPpo3CUc/Svk0AdtmW5TLtToVcaMbGmAwlcWIAupi.jpg",\n                "correct": "No",\n                "opcion": ""\n              },\n              {\n                "resource": "https://aplicaciones.uteq.edu.ec:9549/api/files/EQnByY3S4e7H4Fg/3EaDzE7tRxqOVoe/LFrKFndj1hfpcmpVDx0M4uiZYCTMjHeB.jpg",\n                "correct": "Yes",\n                "opcion": ""\n              },\n              {\n                "resource": "https://aplicaciones.uteq.edu.ec:9549/api/files/EQnByY3S4e7H4Fg/inRX7zpOsGuK6zL/S7hxhfvPNfkq6wRXNtwVDq5ktqOUIyd7.jpg",\n                "correct": "Yes",\n                "opcion": ""\n              },\n              {\n                "resource": "https://aplicaciones.uteq.edu.ec:9549/api/files/EQnByY3S4e7H4Fg/7hgqiVew6wibW2M/AgtvD6GMBl9cVEf7Ff3HRCklrQKGM8hf.jpg",\n                "correct": "No",\n                "opcion": ""\n              }\n            ]\n          }\n        ]\n      },\n      {\n        "order_question": "0.2949014332351325",\n        "id_question": 1,\n        "name_questioncategory": "Multiple Option",\n        "title_question": "Identificar",\n        "description_question": "Identifique un monitor",\n        "feedback_question": "S, esta opcin es correcta por que s",\n        "hint_question": "Hay 2",\n        "pathurlsign_question": "https://aplicaciones.uteq.edu.ec:9549/api/files/EQnByY3S4e7H4Fg/knjaN0aCQ0fDcCb/8WVd6Ch9Zw73k2O7IuzBJ0UGaJ4ZG2Lj.mp4",\n        "pathurlvideo_question": "https://aplicaciones.uteq.edu.ec:9549/api/files/EQnByY3S4e7H4Fg/RKLAv2B5Cthk8Yy/QzlpyarKgoIUDa0UR0JdCxpANDNH6VBd.mp4",\n        "pathurlfile_question": "https://aplicaciones.uteq.edu.ec:9549/api/files/R0BDS4ixyAqvSUv/Czc3IJbUgLhUIzx/vINIsvtK61HjbUWWoyR1GrSTZ6swnyLX.docx",\n        "points_question": true,\n        "maximumpoints_question": 10,\n        "level_question": 1,\n        "answers_": [\n          {\n            "options_answer": [\n              {\n                "opcion": "",\n                "correct": "Yes",\n                "resource": "https://aplicaciones.uteq.edu.ec:9549/api/files/EQnByY3S4e7H4Fg/LiDPPahidwF7SG6/1qSFndIK47UoiuSnN8cPxLTtw6cIdypP.jpeg"\n              },\n              {\n                "opcion": "",\n                "correct": "No",\n                "resource": "https://aplicaciones.uteq.edu.ec:9549/api/files/EQnByY3S4e7H4Fg/NyHfWnrIzg9O8gN/ztzXCrvlBamJ7kPjsmR8YUaqTyTDVEWV.jpg"\n              },\n              {\n                "opcion": "",\n                "correct": "No",\n                "resource": "https://aplicaciones.uteq.edu.ec:9549/api/files/EQnByY3S4e7H4Fg/giBtuo7vQVl9uID/XaeuOAHIYexdh2zeWTOofYIc0DPaEI8k.png"\n              },\n              {\n                "opcion": "",\n                "correct": "Yes",\n                "resource": "https://aplicaciones.uteq.edu.ec:9549/api/files/EQnByY3S4e7H4Fg/7LwDskH1RA6fEpf/oBYgG7sQbhA8zW4GyGRDVS1LlunekkOl.png"\n              }\n            ]\n          }\n        ]\n      },\n      {\n        "order_question": "0.645800882759513",\n        "id_question": 7,\n        "name_questioncategory": "Multiple Option",\n        "title_question": "Conocimiento",\n        "description_question": "En que ao NO se invent la computadora",\n        "feedback_question": "S, esta opcin es correcta por que s",\n        "hint_question": "Apuesto que no estabas vivo",\n        "pathurlsign_question": "",\n        "pathurlvideo_question": null,\n        "pathurlfile_question": "https://aplicaciones.uteq.edu.ec:9549/api/files/R0BDS4ixyAqvSUv/Czc3IJbUgLhUIzx/vINIsvtK61HjbUWWoyR1GrSTZ6swnyLX.docx",\n        "points_question": true,\n        "maximumpoints_question": 30,\n        "level_question": 5,\n        "answers_": [\n          {\n            "options_answer": [\n              {\n                "opcion": "1936",\n                "correct": "No",\n                "resource": ""\n              },\n              {\n                "opcion": "1950",\n                "correct": "Yes",\n                "resource": ""\n              },\n              {\n                "opcion": "1930",\n                "correct": "Yes",\n                "resource": ""\n              }\n            ]\n          }\n        ]\n      },\n      {\n        "order_question": "0.7918168868741304",\n        "id_question": 45,\n        "name_questioncategory": "Build word",\n        "title_question": "Armar palabra",\n        "description_question": "Complete el nombre que pertenece a la imagen mostrada",\n        "feedback_question": "El teclado ",\n        "hint_question": "Existe una santa llamada Santa Tecla",\n        "pathurlsign_question": "",\n        "pathurlvideo_question": "",\n        "pathurlfile_question": "https://aplicaciones.uteq.edu.ec:9549/api/files/EQnByY3S4e7H4Fg/mauwdytC026LRs3/hqg2wbp9GXb4c2A7SOs0RIX0e2xEBKKb.jpg",\n        "points_question": true,\n        "maximumpoints_question": 10,\n        "level_question": 5,\n        "answers_": [\n          {\n            "options_answer": {\n              "word_question": "EL TECLADO"\n            }\n          }\n        ]\n      },\n      {\n        "order_question": "0.07058767674445932",\n        "id_question": 29,\n        "name_questioncategory": "Complete",\n        "title_question": "Completar",\n        "description_question": "selecciona la imagen acorde y complete",\n        "feedback_question": "El teclado ",\n        "hint_question": "Existe una santa llamada Santa Tecla",\n        "pathurlsign_question": "https://aplicaciones.uteq.edu.ec:9549/api/files/EQnByY3S4e7H4Fg/knjaN0aCQ0fDcCb/8WVd6Ch9Zw73k2O7IuzBJ0UGaJ4ZG2Lj.mp4",\n        "pathurlvideo_question": "https://aplicaciones.uteq.edu.ec:9549/api/files/EQnByY3S4e7H4Fg/RKLAv2B5Cthk8Yy/QzlpyarKgoIUDa0UR0JdCxpANDNH6VBd.mp4",\n        "pathurlfile_question": "https://aplicaciones.uteq.edu.ec:9549/api/files/R0BDS4ixyAqvSUv/Czc3IJbUgLhUIzx/vINIsvtK61HjbUWWoyR1GrSTZ6swnyLX.docx",\n        "points_question": true,\n        "maximumpoints_question": 10,\n        "level_question": 2,\n        "answers_": [\n          {\n            "options_answer": [\n              {\n                "description_question": "El computador es una mquina {$option$} diseada para la manipulacin y procesamiento de {$option$}.",\n                "description_question_R": "El computador es una mquina electrnica diseada para la manipulacin y procesamiento de datos.",\n                "options": [\n                  {\n                    "option": "electrnica",\n                    "resource": ""\n                  },\n                  {\n                    "option": "datos",\n                    "resource": ""\n                  },\n                  {\n                    "option": "asesina",\n                    "resource": ""\n                  },\n                  {\n                    "option": "comida",\n                    "resource": ""\n                  }\n                ]\n              }\n            ]\n          }\n        ]\n      },\n      {\n        "order_question": "0.4674264536156585",\n        "id_question": 10,\n        "name_questioncategory": "Relate",\n        "title_question": "Relacionar",\n        "description_question": "Relacione el nombre con su descripcin grfica",\n        "feedback_question": "S, esta opcin es correcta por que s",\n        "hint_question": null,\n        "pathurlsign_question": "https://aplicaciones.uteq.edu.ec:9549/api/files/EQnByY3S4e7H4Fg/RKLAv2B5Cthk8Yy/QzlpyarKgoIUDa0UR0JdCxpANDNH6VBd.mp4",\n        "pathurlvideo_question": "https://aplicaciones.uteq.edu.ec:9549/api/files/EQnByY3S4e7H4Fg/knjaN0aCQ0fDcCb/8WVd6Ch9Zw73k2O7IuzBJ0UGaJ4ZG2Lj.mp4",\n        "pathurlfile_question": "https://aplicaciones.uteq.edu.ec:9549/api/files/R0BDS4ixyAqvSUv/Czc3IJbUgLhUIzx/vINIsvtK61HjbUWWoyR1GrSTZ6swnyLX.docx",\n        "points_question": true,\n        "maximumpoints_question": 40,\n        "level_question": 3,\n        "answers_": [\n          {\n            "options_answer": [\n              {\n                "rightSide": "Monitor",\n                "resourse_rightSide": "",\n                "leftSide": "",\n                "resourse_leftSide": "https://aplicaciones.uteq.edu.ec:9549/api/files/EQnByY3S4e7H4Fg/VlRSQeUvJjD6dtv/HpDs37BAy9FsqE7f7UIpHVUnITBabFGs.jpg"\n              },\n              {\n                "rightSide": "Teclado",\n                "resourse_rightSide": "",\n                "leftSide": "",\n                "resourse_leftSide": "https://aplicaciones.uteq.edu.ec:9549/api/files/EQnByY3S4e7H4Fg/Rn0bEESFoRaWsqo/yxb8lF4AwXB08RSyf6liDf0F8ZOXTJ8D.png"\n              },\n              {\n                "rightSide": "Mouse",\n                "resourse_rightSide": "",\n                "leftSide": "",\n                "resourse_leftSide": "https://aplicaciones.uteq.edu.ec:9549/api/files/EQnByY3S4e7H4Fg/ZHqPxlcCPP7nP8M/8RLt50eSWN2YRABJKFgI53OAEDtstQg9.jpg"\n              },\n              {\n                "rightSide": "Audifonos",\n                "resourse_rightSide": "",\n                "leftSide": "",\n                "resourse_leftSide": "https://aplicaciones.uteq.edu.ec:9549/api/files/EQnByY3S4e7H4Fg/4b2aTKbPK0nWScQ/2oGyTY5u5Tq90kMAu6M0B6eUqyPHsn3d.jpg"\n              }\n            ]\n          }\n        ]\n      },\n      {\n        "order_question": "0.8357970053282209",\n        "id_question": 12,\n        "name_questioncategory": "Relate",\n        "title_question": "Analizar",\n        "description_question": "Relacione para que sirve",\n        "feedback_question": "S, esta opcin es correcta por que s",\n        "hint_question": null,\n        "pathurlsign_question": "",\n        "pathurlvideo_question": null,\n        "pathurlfile_question": "https://aplicaciones.uteq.edu.ec:9549/api/files/archivos/eJBzVX9CprMX9K6/hoQDoUpftwO8e5OOjHcACPtxrUid1ODr.pdf",\n        "points_question": true,\n        "maximumpoints_question": 40,\n        "level_question": 3,\n        "answers_": [\n          {\n            "options_answer": [\n              {\n                "rightSide": "Monitor",\n                "resourse_rightSide": "",\n                "leftSide": "Sirve para visualizar informacin",\n                "resourse_leftSide": ""\n              },\n              {\n                "rightSide": "Teclado",\n                "resourse_rightSide": "",\n                "leftSide": "Se usa para escribir",\n                "resourse_leftSide": ""\n              },\n              {\n                "rightSide": "Mouse",\n                "resourse_rightSide": "",\n                "leftSide": "Se utiliza para movernos con el cursos",\n                "resourse_leftSide": ""\n              },\n              {\n                "rightSide": "Audifnos",\n                "resourse_rightSide": "",\n                "leftSide": "Es usado para escuchar audios",\n                "resourse_leftSide": ""\n              }\n            ]\n          }\n        ]\n      }\n    ]\n  }\n]	2022-08-22 02:09:35	125.00	3	68.23	2	1
4	[\n  {\n    "name_evaluation": "Conocimientos bsicos",\n    "description_evaluation": "para evaluar los conocimientos",\n    "time_evaluation": true,\n    "timeminutes_evaluation": 120,\n    "order_category": true,\n    "questions_": [\n      {\n        "order_question": "0.37082165164593306",\n        "id_question": 27,\n        "name_questioncategory": "True or False",\n        "title_question": "Memoria",\n        "description_question": "El monitor procesa la informacin",\n        "feedback_question": "CPU",\n        "hint_question": "El monitor sirve para visualizar",\n        "pathurlsign_question": "",\n        "pathurlvideo_question": null,\n        "pathurlfile_question": null,\n        "points_question": false,\n        "maximumpoints_question": 10,\n        "level_question": 2,\n        "answers_": [\n          {\n            "options_answer": [\n              {\n                "opcion": "Verdadero",\n                "correct": "No"\n              },\n              {\n                "opcion": "Falso",\n                "correct": "Yes"\n              }\n            ]\n          }\n        ],\n        "canResource": false\n      },\n      {\n        "order_question": "0.5954469908235787",\n        "id_question": 25,\n        "name_questioncategory": "True or False",\n        "title_question": "Analizar",\n        "description_question": "El software NO es la parte tangible de la computadora",\n        "feedback_question": "El software son las aplicaciones",\n        "hint_question": "Esta aplicacin es un software por ende no se puede....",\n        "pathurlsign_question": "https://aplicaciones.uteq.edu.ec:9549/api/files/EQnByY3S4e7H4Fg/gwFyedSaHzGsa4j/QpjYHzzyVJaD2HnrD5PhIQStwzaeIRrQ.mp4",\n        "pathurlvideo_question": null,\n        "pathurlfile_question": null,\n        "points_question": true,\n        "maximumpoints_question": 10,\n        "level_question": 4,\n        "answers_": [\n          {\n            "options_answer": [\n              {\n                "opcion": "Verdadero",\n                "correct": "Yes"\n              },\n              {\n                "opcion": "Falso",\n                "correct": "No"\n              }\n            ]\n          }\n        ]\n      },\n      {\n        "order_question": "0.16578112454198646",\n        "id_question": 6,\n        "name_questioncategory": "Simple Option",\n        "title_question": "Analizar",\n        "description_question": "El monitor y la impresora son dispositivos:",\n        "feedback_question": "S, esta opcin es correcta por que s",\n        "hint_question": "Cuando vas al cyber a que te saquen copia, entra los datos para que despus s...",\n        "pathurlsign_question": "https://aplicaciones.uteq.edu.ec:9549/api/files/EQnByY3S4e7H4Fg/TPnnDRDnid2PhWc/XGR0AAoiVLQMLLy3fqtSRdlDw8xVxf6l.mp4",\n        "pathurlvideo_question": "https://aplicaciones.uteq.edu.ec:9549/api/files/EQnByY3S4e7H4Fg/gwFyedSaHzGsa4j/QpjYHzzyVJaD2HnrD5PhIQStwzaeIRrQ.mp4",\n        "pathurlfile_question": "https://aplicaciones.uteq.edu.ec:9549/api/files/R0BDS4ixyAqvSUv/Czc3IJbUgLhUIzx/vINIsvtK61HjbUWWoyR1GrSTZ6swnyLX.docx",\n        "points_question": false,\n        "maximumpoints_question": 0,\n        "level_question": 2,\n        "answers_": [\n          {\n            "options_answer": [\n              {\n                "opcion": "Mixto",\n                "correct": "No",\n                "resource": ""\n              },\n              {\n                "opcion": "Entrada",\n                "correct": "No",\n                "resource": ""\n              },\n              {\n                "opcion": "Almacenamiento",\n                "correct": "No",\n                "resource": ""\n              },\n              {\n                "opcion": "Salida",\n                "correct": "Yes",\n                "resource": ""\n              }\n            ]\n          }\n        ]\n      },\n      {\n        "order_question": "0.2732057059317725",\n        "id_question": 5,\n        "name_questioncategory": "Simple Option",\n        "title_question": "Identificar",\n        "description_question": "Identifique un teclado",\n        "feedback_question": "S, esta opcin es correcta por que s",\n        "hint_question": "Es blanco",\n        "pathurlsign_question": "https://aplicaciones.uteq.edu.ec:9549/api/files/EQnByY3S4e7H4Fg/tTEzSGNxmX6d1rD/aPVGei7LU9svbf7zny59A5FHcnK1Bum8.mp4",\n        "pathurlvideo_question": "https://aplicaciones.uteq.edu.ec:9549/api/files/EQnByY3S4e7H4Fg/DFOcBRVHBHAgMkc/NyUZYw5NaKYQijV8gKpW0paR4CoXUS2O.mp4",\n        "pathurlfile_question": null,\n        "points_question": true,\n        "maximumpoints_question": 10,\n        "level_question": 1,\n        "answers_": [\n          {\n            "options_answer": [\n              {\n                "opcion": "",\n                "correct": "No",\n                "resource": "https://aplicaciones.uteq.edu.ec:9549/api/files/EQnByY3S4e7H4Fg/6SqR0F0pC1GK7Iq/uqWEFxONWUjcwhmv6sJB8RAtvpXBHZiZ.jpg"\n              },\n              {\n                "opcion": "",\n                "correct": "Yes",\n                "resource": "https://aplicaciones.uteq.edu.ec:9549/api/files/EQnByY3S4e7H4Fg/iEheso94ithGkXd/nw0EoFgE7Z3HWKffKQBpDAm3M2yDrypI.jpg"\n              },\n              {\n                "opcion": "",\n                "correct": "No",\n                "resource": "https://aplicaciones.uteq.edu.ec:9549/api/files/EQnByY3S4e7H4Fg/W54TkubCDeTaKez/FCk4JgsEt6bdovNM6xuRWsJD023gKgi1.jpg"\n              }\n            ]\n          }\n        ]\n      },\n      {\n        "order_question": "0.28331658595399745",\n        "id_question": 13,\n        "name_questioncategory": "Simple Option",\n        "title_question": "Analizar",\n        "description_question": "El teclado es un dispositivo de:",\n        "feedback_question": "S, esta opcin es correcta por que s",\n        "hint_question": "Con lo que se escribi esta pregunta, es decir los datos en...",\n        "pathurlsign_question": "",\n        "pathurlvideo_question": null,\n        "pathurlfile_question": "https://aplicaciones.uteq.edu.ec:9549/api/files/R0BDS4ixyAqvSUv/Czc3IJbUgLhUIzx/vINIsvtK61HjbUWWoyR1GrSTZ6swnyLX.docx",\n        "points_question": true,\n        "maximumpoints_question": 10,\n        "level_question": 1,\n        "answers_": [\n          {\n            "options_answer": [\n              {\n                "opcion": "Entrada y Salida",\n                "correct": "No",\n                "resource": ""\n              },\n              {\n                "opcion": "Entrada",\n                "correct": "Yes",\n                "resource": ""\n              },\n              {\n                "opcion": "Salida",\n                "correct": "No",\n                "resource": ""\n              },\n              {\n                "opcion": "Almacenamiento",\n                "correct": "No",\n                "resource": ""\n              }\n            ]\n          }\n        ]\n      },\n      {\n        "order_question": "0.5783991617925786",\n        "id_question": 9,\n        "name_questioncategory": "Simple Option",\n        "title_question": "Identificar",\n        "description_question": "Seleccione la imagen que crea corresponda a un CPU",\n        "feedback_question": "S, esta opcin es correcta por que s",\n        "hint_question": "Mira dos veces",\n        "pathurlsign_question": "https://aplicaciones.uteq.edu.ec:9549/api/files/EQnByY3S4e7H4Fg/DFOcBRVHBHAgMkc/NyUZYw5NaKYQijV8gKpW0paR4CoXUS2O.mp4",\n        "pathurlvideo_question": null,\n        "pathurlfile_question": null,\n        "points_question": false,\n        "maximumpoints_question": 0,\n        "level_question": 1,\n        "answers_": [\n          {\n            "options_answer": [\n              {\n                "resource": "https://aplicaciones.uteq.edu.ec:9549/api/files/EQnByY3S4e7H4Fg/T1FiFxpJ5FFIhGQ/zhEgEH6oitiX58awBRtlf2bNnu2V9aqD.png",\n                "correct": "No",\n                "opcion": ""\n              },\n              {\n                "resource": "https://aplicaciones.uteq.edu.ec:9549/api/files/EQnByY3S4e7H4Fg/HW478gH7DJ8BNFt/HxQSv1uaVwGoXHWI3gJ5udulfcnUfDOk.jpg",\n                "correct": "Yes",\n                "opcion": ""\n              }\n            ]\n          }\n        ]\n      },\n      {\n        "order_question": "0.922517389704705",\n        "id_question": 2,\n        "name_questioncategory": "Simple Option",\n        "title_question": "Analizar",\n        "description_question": "El computador sirve para:",\n        "feedback_question": "S, esta opcin es correcta por que s",\n        "hint_question": "Con lo que se redact este mensaje",\n        "pathurlsign_question": "https://aplicaciones.uteq.edu.ec:9549/api/files/EQnByY3S4e7H4Fg/gwFyedSaHzGsa4j/QpjYHzzyVJaD2HnrD5PhIQStwzaeIRrQ.mp4",\n        "pathurlvideo_question": "https://aplicaciones.uteq.edu.ec:9549/api/files/EQnByY3S4e7H4Fg/TPnnDRDnid2PhWc/XGR0AAoiVLQMLLy3fqtSRdlDw8xVxf6l.mp4",\n        "pathurlfile_question": null,\n        "points_question": false,\n        "maximumpoints_question": 0,\n        "level_question": 1,\n        "answers_": [\n          {\n            "options_answer": [\n              {\n                "opcion": "Escribir",\n                "correct": "Yes",\n                "resource": ""\n              },\n              {\n                "opcion": "Comer",\n                "correct": "No",\n                "resource": ""\n              },\n              {\n                "opcion": "Tomar bebidas",\n                "correct": "No",\n                "resource": ""\n              },\n              {\n                "opcion": "Ninguna de las anteriores",\n                "correct": "No",\n                "resource": ""\n              },\n              {\n                "opcion": "Todas las anteriores",\n                "correct": "No",\n                "resource": ""\n              }\n            ]\n          }\n        ]\n      },\n      {\n        "order_question": "0.009456838644982923",\n        "id_question": 8,\n        "name_questioncategory": "Multiple Option",\n        "title_question": "Identificar",\n        "description_question": "Seleccione la imagen que crea corresponda a un mouse",\n        "feedback_question": "S, esta opcin es correcta por que s",\n        "hint_question": null,\n        "pathurlsign_question": "https://aplicaciones.uteq.edu.ec:9549/api/files/EQnByY3S4e7H4Fg/D3JYGDeLa0mekT7/gHlND2phY5GkT1CnjLEBkzPPwx8dUPUq.mp4",\n        "pathurlvideo_question": "https://aplicaciones.uteq.edu.ec:9549/api/files/EQnByY3S4e7H4Fg/DFOcBRVHBHAgMkc/NyUZYw5NaKYQijV8gKpW0paR4CoXUS2O.mp4",\n        "pathurlfile_question": "https://aplicaciones.uteq.edu.ec:9549/api/files/archivos/eJBzVX9CprMX9K6/hoQDoUpftwO8e5OOjHcACPtxrUid1ODr.pdf",\n        "points_question": true,\n        "maximumpoints_question": 10,\n        "level_question": 2,\n        "answers_": [\n          {\n            "options_answer": [\n              {\n                "resource": "https://aplicaciones.uteq.edu.ec:9549/api/files/EQnByY3S4e7H4Fg/pw7UaSdVPpo3CUc/Svk0AdtmW5TLtToVcaMbGmAwlcWIAupi.jpg",\n                "correct": "No",\n                "opcion": ""\n              },\n              {\n                "resource": "https://aplicaciones.uteq.edu.ec:9549/api/files/EQnByY3S4e7H4Fg/3EaDzE7tRxqOVoe/LFrKFndj1hfpcmpVDx0M4uiZYCTMjHeB.jpg",\n                "correct": "Yes",\n                "opcion": ""\n              },\n              {\n                "resource": "https://aplicaciones.uteq.edu.ec:9549/api/files/EQnByY3S4e7H4Fg/inRX7zpOsGuK6zL/S7hxhfvPNfkq6wRXNtwVDq5ktqOUIyd7.jpg",\n                "correct": "Yes",\n                "opcion": ""\n              },\n              {\n                "resource": "https://aplicaciones.uteq.edu.ec:9549/api/files/EQnByY3S4e7H4Fg/7hgqiVew6wibW2M/AgtvD6GMBl9cVEf7Ff3HRCklrQKGM8hf.jpg",\n                "correct": "No",\n                "opcion": ""\n              }\n            ]\n          }\n        ]\n      },\n      {\n        "order_question": "0.2949014332351325",\n        "id_question": 1,\n        "name_questioncategory": "Multiple Option",\n        "title_question": "Identificar",\n        "description_question": "Identifique un monitor",\n        "feedback_question": "S, esta opcin es correcta por que s",\n        "hint_question": "Hay 2",\n        "pathurlsign_question": "https://aplicaciones.uteq.edu.ec:9549/api/files/EQnByY3S4e7H4Fg/knjaN0aCQ0fDcCb/8WVd6Ch9Zw73k2O7IuzBJ0UGaJ4ZG2Lj.mp4",\n        "pathurlvideo_question": "https://aplicaciones.uteq.edu.ec:9549/api/files/EQnByY3S4e7H4Fg/RKLAv2B5Cthk8Yy/QzlpyarKgoIUDa0UR0JdCxpANDNH6VBd.mp4",\n        "pathurlfile_question": "https://aplicaciones.uteq.edu.ec:9549/api/files/R0BDS4ixyAqvSUv/Czc3IJbUgLhUIzx/vINIsvtK61HjbUWWoyR1GrSTZ6swnyLX.docx",\n        "points_question": true,\n        "maximumpoints_question": 10,\n        "level_question": 1,\n        "answers_": [\n          {\n            "options_answer": [\n              {\n                "opcion": "",\n                "correct": "Yes",\n                "resource": "https://aplicaciones.uteq.edu.ec:9549/api/files/EQnByY3S4e7H4Fg/LiDPPahidwF7SG6/1qSFndIK47UoiuSnN8cPxLTtw6cIdypP.jpeg"\n              },\n              {\n                "opcion": "",\n                "correct": "No",\n                "resource": "https://aplicaciones.uteq.edu.ec:9549/api/files/EQnByY3S4e7H4Fg/NyHfWnrIzg9O8gN/ztzXCrvlBamJ7kPjsmR8YUaqTyTDVEWV.jpg"\n              },\n              {\n                "opcion": "",\n                "correct": "No",\n                "resource": "https://aplicaciones.uteq.edu.ec:9549/api/files/EQnByY3S4e7H4Fg/giBtuo7vQVl9uID/XaeuOAHIYexdh2zeWTOofYIc0DPaEI8k.png"\n              },\n              {\n                "opcion": "",\n                "correct": "Yes",\n                "resource": "https://aplicaciones.uteq.edu.ec:9549/api/files/EQnByY3S4e7H4Fg/7LwDskH1RA6fEpf/oBYgG7sQbhA8zW4GyGRDVS1LlunekkOl.png"\n              }\n            ]\n          }\n        ]\n      },\n      {\n        "order_question": "0.645800882759513",\n        "id_question": 7,\n        "name_questioncategory": "Multiple Option",\n        "title_question": "Conocimiento",\n        "description_question": "En que ao NO se invent la computadora",\n        "feedback_question": "S, esta opcin es correcta por que s",\n        "hint_question": "Apuesto que no estabas vivo",\n        "pathurlsign_question": "",\n        "pathurlvideo_question": null,\n        "pathurlfile_question": "https://aplicaciones.uteq.edu.ec:9549/api/files/R0BDS4ixyAqvSUv/Czc3IJbUgLhUIzx/vINIsvtK61HjbUWWoyR1GrSTZ6swnyLX.docx",\n        "points_question": true,\n        "maximumpoints_question": 30,\n        "level_question": 5,\n        "answers_": [\n          {\n            "options_answer": [\n              {\n                "opcion": "1936",\n                "correct": "No",\n                "resource": ""\n              },\n              {\n                "opcion": "1950",\n                "correct": "Yes",\n                "resource": ""\n              },\n              {\n                "opcion": "1930",\n                "correct": "Yes",\n                "resource": ""\n              }\n            ]\n          }\n        ]\n      },\n      {\n        "order_question": "0.7918168868741304",\n        "id_question": 45,\n        "name_questioncategory": "Build word",\n        "title_question": "Armar palabra",\n        "description_question": "Complete el nombre que pertenece a la imagen mostrada",\n        "feedback_question": "El teclado ",\n        "hint_question": "Existe una santa llamada Santa Tecla",\n        "pathurlsign_question": "",\n        "pathurlvideo_question": "",\n        "pathurlfile_question": "https://aplicaciones.uteq.edu.ec:9549/api/files/EQnByY3S4e7H4Fg/mauwdytC026LRs3/hqg2wbp9GXb4c2A7SOs0RIX0e2xEBKKb.jpg",\n        "points_question": true,\n        "maximumpoints_question": 10,\n        "level_question": 5,\n        "answers_": [\n          {\n            "options_answer": {\n              "word_question": "EL TECLADO"\n            }\n          }\n        ]\n      },\n      {\n        "order_question": "0.07058767674445932",\n        "id_question": 29,\n        "name_questioncategory": "Complete",\n        "title_question": "Completar",\n        "description_question": "selecciona la imagen acorde y complete",\n        "feedback_question": "El teclado ",\n        "hint_question": "Existe una santa llamada Santa Tecla",\n        "pathurlsign_question": "https://aplicaciones.uteq.edu.ec:9549/api/files/EQnByY3S4e7H4Fg/knjaN0aCQ0fDcCb/8WVd6Ch9Zw73k2O7IuzBJ0UGaJ4ZG2Lj.mp4",\n        "pathurlvideo_question": "https://aplicaciones.uteq.edu.ec:9549/api/files/EQnByY3S4e7H4Fg/RKLAv2B5Cthk8Yy/QzlpyarKgoIUDa0UR0JdCxpANDNH6VBd.mp4",\n        "pathurlfile_question": "https://aplicaciones.uteq.edu.ec:9549/api/files/R0BDS4ixyAqvSUv/Czc3IJbUgLhUIzx/vINIsvtK61HjbUWWoyR1GrSTZ6swnyLX.docx",\n        "points_question": true,\n        "maximumpoints_question": 10,\n        "level_question": 2,\n        "answers_": [\n          {\n            "options_answer": [\n              {\n                "description_question": "El computador es una mquina {$option$} diseada para la manipulacin y procesamiento de {$option$}.",\n                "description_question_R": "El computador es una mquina electrnica diseada para la manipulacin y procesamiento de datos.",\n                "options": [\n                  {\n                    "option": "electrnica",\n                    "resource": ""\n                  },\n                  {\n                    "option": "datos",\n                    "resource": ""\n                  },\n                  {\n                    "option": "asesina",\n                    "resource": ""\n                  },\n                  {\n                    "option": "comida",\n                    "resource": ""\n                  }\n                ]\n              }\n            ]\n          }\n        ]\n      },\n      {\n        "order_question": "0.4674264536156585",\n        "id_question": 10,\n        "name_questioncategory": "Relate",\n        "title_question": "Relacionar",\n        "description_question": "Relacione el nombre con su descripcin grfica",\n        "feedback_question": "S, esta opcin es correcta por que s",\n        "hint_question": null,\n        "pathurlsign_question": "https://aplicaciones.uteq.edu.ec:9549/api/files/EQnByY3S4e7H4Fg/RKLAv2B5Cthk8Yy/QzlpyarKgoIUDa0UR0JdCxpANDNH6VBd.mp4",\n        "pathurlvideo_question": "https://aplicaciones.uteq.edu.ec:9549/api/files/EQnByY3S4e7H4Fg/knjaN0aCQ0fDcCb/8WVd6Ch9Zw73k2O7IuzBJ0UGaJ4ZG2Lj.mp4",\n        "pathurlfile_question": "https://aplicaciones.uteq.edu.ec:9549/api/files/R0BDS4ixyAqvSUv/Czc3IJbUgLhUIzx/vINIsvtK61HjbUWWoyR1GrSTZ6swnyLX.docx",\n        "points_question": true,\n        "maximumpoints_question": 40,\n        "level_question": 3,\n        "answers_": [\n          {\n            "options_answer": [\n              {\n                "rightSide": "Monitor",\n                "resourse_rightSide": "",\n                "leftSide": "",\n                "resourse_leftSide": "https://aplicaciones.uteq.edu.ec:9549/api/files/EQnByY3S4e7H4Fg/VlRSQeUvJjD6dtv/HpDs37BAy9FsqE7f7UIpHVUnITBabFGs.jpg"\n              },\n              {\n                "rightSide": "Teclado",\n                "resourse_rightSide": "",\n                "leftSide": "",\n                "resourse_leftSide": "https://aplicaciones.uteq.edu.ec:9549/api/files/EQnByY3S4e7H4Fg/Rn0bEESFoRaWsqo/yxb8lF4AwXB08RSyf6liDf0F8ZOXTJ8D.png"\n              },\n              {\n                "rightSide": "Mouse",\n                "resourse_rightSide": "",\n                "leftSide": "",\n                "resourse_leftSide": "https://aplicaciones.uteq.edu.ec:9549/api/files/EQnByY3S4e7H4Fg/ZHqPxlcCPP7nP8M/8RLt50eSWN2YRABJKFgI53OAEDtstQg9.jpg"\n              },\n              {\n                "rightSide": "Audifonos",\n                "resourse_rightSide": "",\n                "leftSide": "",\n                "resourse_leftSide": "https://aplicaciones.uteq.edu.ec:9549/api/files/EQnByY3S4e7H4Fg/4b2aTKbPK0nWScQ/2oGyTY5u5Tq90kMAu6M0B6eUqyPHsn3d.jpg"\n              }\n            ]\n          }\n        ]\n      },\n      {\n        "order_question": "0.8357970053282209",\n        "id_question": 12,\n        "name_questioncategory": "Relate",\n        "title_question": "Analizar",\n        "description_question": "Relacione para que sirve",\n        "feedback_question": "S, esta opcin es correcta por que s",\n        "hint_question": null,\n        "pathurlsign_question": "",\n        "pathurlvideo_question": null,\n        "pathurlfile_question": "https://aplicaciones.uteq.edu.ec:9549/api/files/archivos/eJBzVX9CprMX9K6/hoQDoUpftwO8e5OOjHcACPtxrUid1ODr.pdf",\n        "points_question": true,\n        "maximumpoints_question": 40,\n        "level_question": 3,\n        "answers_": [\n          {\n            "options_answer": [\n              {\n                "rightSide": "Monitor",\n                "resourse_rightSide": "",\n                "leftSide": "Sirve para visualizar informacin",\n                "resourse_leftSide": ""\n              },\n              {\n                "rightSide": "Teclado",\n                "resourse_rightSide": "",\n                "leftSide": "Se usa para escribir",\n                "resourse_leftSide": ""\n              },\n              {\n                "rightSide": "Mouse",\n                "resourse_rightSide": "",\n                "leftSide": "Se utiliza para movernos con el cursos",\n                "resourse_leftSide": ""\n              },\n              {\n                "rightSide": "Audifnos",\n                "resourse_rightSide": "",\n                "leftSide": "Es usado para escuchar audios",\n                "resourse_leftSide": ""\n              }\n            ]\n          }\n        ]\n      }\n    ]\n  }\n]	2022-08-23 02:09:36	100.00	4	54.21	2	1
5	[\n  {\n    "name_evaluation": "Conocimientos bsicos",\n    "description_evaluation": "para evaluar los conocimientos",\n    "time_evaluation": true,\n    "timeminutes_evaluation": 120,\n    "order_category": true,\n    "questions_": [\n      {\n        "order_question": "0.37082165164593306",\n        "id_question": 27,\n        "name_questioncategory": "True or False",\n        "title_question": "Memoria",\n        "description_question": "El monitor procesa la informacin",\n        "feedback_question": "CPU",\n        "hint_question": "El monitor sirve para visualizar",\n        "pathurlsign_question": "",\n        "pathurlvideo_question": null,\n        "pathurlfile_question": null,\n        "points_question": false,\n        "maximumpoints_question": 10,\n        "level_question": 2,\n        "answers_": [\n          {\n            "options_answer": [\n              {\n                "opcion": "Verdadero",\n                "correct": "No"\n              },\n              {\n                "opcion": "Falso",\n                "correct": "Yes"\n              }\n            ]\n          }\n        ],\n        "canResource": false\n      },\n      {\n        "order_question": "0.5954469908235787",\n        "id_question": 25,\n        "name_questioncategory": "True or False",\n        "title_question": "Analizar",\n        "description_question": "El software NO es la parte tangible de la computadora",\n        "feedback_question": "El software son las aplicaciones",\n        "hint_question": "Esta aplicacin es un software por ende no se puede....",\n        "pathurlsign_question": "https://aplicaciones.uteq.edu.ec:9549/api/files/EQnByY3S4e7H4Fg/gwFyedSaHzGsa4j/QpjYHzzyVJaD2HnrD5PhIQStwzaeIRrQ.mp4",\n        "pathurlvideo_question": null,\n        "pathurlfile_question": null,\n        "points_question": true,\n        "maximumpoints_question": 10,\n        "level_question": 4,\n        "answers_": [\n          {\n            "options_answer": [\n              {\n                "opcion": "Verdadero",\n                "correct": "Yes"\n              },\n              {\n                "opcion": "Falso",\n                "correct": "No"\n              }\n            ]\n          }\n        ]\n      },\n      {\n        "order_question": "0.16578112454198646",\n        "id_question": 6,\n        "name_questioncategory": "Simple Option",\n        "title_question": "Analizar",\n        "description_question": "El monitor y la impresora son dispositivos:",\n        "feedback_question": "S, esta opcin es correcta por que s",\n        "hint_question": "Cuando vas al cyber a que te saquen copia, entra los datos para que despus s...",\n        "pathurlsign_question": "https://aplicaciones.uteq.edu.ec:9549/api/files/EQnByY3S4e7H4Fg/TPnnDRDnid2PhWc/XGR0AAoiVLQMLLy3fqtSRdlDw8xVxf6l.mp4",\n        "pathurlvideo_question": "https://aplicaciones.uteq.edu.ec:9549/api/files/EQnByY3S4e7H4Fg/gwFyedSaHzGsa4j/QpjYHzzyVJaD2HnrD5PhIQStwzaeIRrQ.mp4",\n        "pathurlfile_question": "https://aplicaciones.uteq.edu.ec:9549/api/files/R0BDS4ixyAqvSUv/Czc3IJbUgLhUIzx/vINIsvtK61HjbUWWoyR1GrSTZ6swnyLX.docx",\n        "points_question": false,\n        "maximumpoints_question": 0,\n        "level_question": 2,\n        "answers_": [\n          {\n            "options_answer": [\n              {\n                "opcion": "Mixto",\n                "correct": "No",\n                "resource": ""\n              },\n              {\n                "opcion": "Entrada",\n                "correct": "No",\n                "resource": ""\n              },\n              {\n                "opcion": "Almacenamiento",\n                "correct": "No",\n                "resource": ""\n              },\n              {\n                "opcion": "Salida",\n                "correct": "Yes",\n                "resource": ""\n              }\n            ]\n          }\n        ]\n      },\n      {\n        "order_question": "0.2732057059317725",\n        "id_question": 5,\n        "name_questioncategory": "Simple Option",\n        "title_question": "Identificar",\n        "description_question": "Identifique un teclado",\n        "feedback_question": "S, esta opcin es correcta por que s",\n        "hint_question": "Es blanco",\n        "pathurlsign_question": "https://aplicaciones.uteq.edu.ec:9549/api/files/EQnByY3S4e7H4Fg/tTEzSGNxmX6d1rD/aPVGei7LU9svbf7zny59A5FHcnK1Bum8.mp4",\n        "pathurlvideo_question": "https://aplicaciones.uteq.edu.ec:9549/api/files/EQnByY3S4e7H4Fg/DFOcBRVHBHAgMkc/NyUZYw5NaKYQijV8gKpW0paR4CoXUS2O.mp4",\n        "pathurlfile_question": null,\n        "points_question": true,\n        "maximumpoints_question": 10,\n        "level_question": 1,\n        "answers_": [\n          {\n            "options_answer": [\n              {\n                "opcion": "",\n                "correct": "No",\n                "resource": "https://aplicaciones.uteq.edu.ec:9549/api/files/EQnByY3S4e7H4Fg/6SqR0F0pC1GK7Iq/uqWEFxONWUjcwhmv6sJB8RAtvpXBHZiZ.jpg"\n              },\n              {\n                "opcion": "",\n                "correct": "Yes",\n                "resource": "https://aplicaciones.uteq.edu.ec:9549/api/files/EQnByY3S4e7H4Fg/iEheso94ithGkXd/nw0EoFgE7Z3HWKffKQBpDAm3M2yDrypI.jpg"\n              },\n              {\n                "opcion": "",\n                "correct": "No",\n                "resource": "https://aplicaciones.uteq.edu.ec:9549/api/files/EQnByY3S4e7H4Fg/W54TkubCDeTaKez/FCk4JgsEt6bdovNM6xuRWsJD023gKgi1.jpg"\n              }\n            ]\n          }\n        ]\n      },\n      {\n        "order_question": "0.28331658595399745",\n        "id_question": 13,\n        "name_questioncategory": "Simple Option",\n        "title_question": "Analizar",\n        "description_question": "El teclado es un dispositivo de:",\n        "feedback_question": "S, esta opcin es correcta por que s",\n        "hint_question": "Con lo que se escribi esta pregunta, es decir los datos en...",\n        "pathurlsign_question": "",\n        "pathurlvideo_question": null,\n        "pathurlfile_question": "https://aplicaciones.uteq.edu.ec:9549/api/files/R0BDS4ixyAqvSUv/Czc3IJbUgLhUIzx/vINIsvtK61HjbUWWoyR1GrSTZ6swnyLX.docx",\n        "points_question": true,\n        "maximumpoints_question": 10,\n        "level_question": 1,\n        "answers_": [\n          {\n            "options_answer": [\n              {\n                "opcion": "Entrada y Salida",\n                "correct": "No",\n                "resource": ""\n              },\n              {\n                "opcion": "Entrada",\n                "correct": "Yes",\n                "resource": ""\n              },\n              {\n                "opcion": "Salida",\n                "correct": "No",\n                "resource": ""\n              },\n              {\n                "opcion": "Almacenamiento",\n                "correct": "No",\n                "resource": ""\n              }\n            ]\n          }\n        ]\n      },\n      {\n        "order_question": "0.5783991617925786",\n        "id_question": 9,\n        "name_questioncategory": "Simple Option",\n        "title_question": "Identificar",\n        "description_question": "Seleccione la imagen que crea corresponda a un CPU",\n        "feedback_question": "S, esta opcin es correcta por que s",\n        "hint_question": "Mira dos veces",\n        "pathurlsign_question": "https://aplicaciones.uteq.edu.ec:9549/api/files/EQnByY3S4e7H4Fg/DFOcBRVHBHAgMkc/NyUZYw5NaKYQijV8gKpW0paR4CoXUS2O.mp4",\n        "pathurlvideo_question": null,\n        "pathurlfile_question": null,\n        "points_question": false,\n        "maximumpoints_question": 0,\n        "level_question": 1,\n        "answers_": [\n          {\n            "options_answer": [\n              {\n                "resource": "https://aplicaciones.uteq.edu.ec:9549/api/files/EQnByY3S4e7H4Fg/T1FiFxpJ5FFIhGQ/zhEgEH6oitiX58awBRtlf2bNnu2V9aqD.png",\n                "correct": "No",\n                "opcion": ""\n              },\n              {\n                "resource": "https://aplicaciones.uteq.edu.ec:9549/api/files/EQnByY3S4e7H4Fg/HW478gH7DJ8BNFt/HxQSv1uaVwGoXHWI3gJ5udulfcnUfDOk.jpg",\n                "correct": "Yes",\n                "opcion": ""\n              }\n            ]\n          }\n        ]\n      },\n      {\n        "order_question": "0.922517389704705",\n        "id_question": 2,\n        "name_questioncategory": "Simple Option",\n        "title_question": "Analizar",\n        "description_question": "El computador sirve para:",\n        "feedback_question": "S, esta opcin es correcta por que s",\n        "hint_question": "Con lo que se redact este mensaje",\n        "pathurlsign_question": "https://aplicaciones.uteq.edu.ec:9549/api/files/EQnByY3S4e7H4Fg/gwFyedSaHzGsa4j/QpjYHzzyVJaD2HnrD5PhIQStwzaeIRrQ.mp4",\n        "pathurlvideo_question": "https://aplicaciones.uteq.edu.ec:9549/api/files/EQnByY3S4e7H4Fg/TPnnDRDnid2PhWc/XGR0AAoiVLQMLLy3fqtSRdlDw8xVxf6l.mp4",\n        "pathurlfile_question": null,\n        "points_question": false,\n        "maximumpoints_question": 0,\n        "level_question": 1,\n        "answers_": [\n          {\n            "options_answer": [\n              {\n                "opcion": "Escribir",\n                "correct": "Yes",\n                "resource": ""\n              },\n              {\n                "opcion": "Comer",\n                "correct": "No",\n                "resource": ""\n              },\n              {\n                "opcion": "Tomar bebidas",\n                "correct": "No",\n                "resource": ""\n              },\n              {\n                "opcion": "Ninguna de las anteriores",\n                "correct": "No",\n                "resource": ""\n              },\n              {\n                "opcion": "Todas las anteriores",\n                "correct": "No",\n                "resource": ""\n              }\n            ]\n          }\n        ]\n      },\n      {\n        "order_question": "0.009456838644982923",\n        "id_question": 8,\n        "name_questioncategory": "Multiple Option",\n        "title_question": "Identificar",\n        "description_question": "Seleccione la imagen que crea corresponda a un mouse",\n        "feedback_question": "S, esta opcin es correcta por que s",\n        "hint_question": null,\n        "pathurlsign_question": "https://aplicaciones.uteq.edu.ec:9549/api/files/EQnByY3S4e7H4Fg/D3JYGDeLa0mekT7/gHlND2phY5GkT1CnjLEBkzPPwx8dUPUq.mp4",\n        "pathurlvideo_question": "https://aplicaciones.uteq.edu.ec:9549/api/files/EQnByY3S4e7H4Fg/DFOcBRVHBHAgMkc/NyUZYw5NaKYQijV8gKpW0paR4CoXUS2O.mp4",\n        "pathurlfile_question": "https://aplicaciones.uteq.edu.ec:9549/api/files/archivos/eJBzVX9CprMX9K6/hoQDoUpftwO8e5OOjHcACPtxrUid1ODr.pdf",\n        "points_question": true,\n        "maximumpoints_question": 10,\n        "level_question": 2,\n        "answers_": [\n          {\n            "options_answer": [\n              {\n                "resource": "https://aplicaciones.uteq.edu.ec:9549/api/files/EQnByY3S4e7H4Fg/pw7UaSdVPpo3CUc/Svk0AdtmW5TLtToVcaMbGmAwlcWIAupi.jpg",\n                "correct": "No",\n                "opcion": ""\n              },\n              {\n                "resource": "https://aplicaciones.uteq.edu.ec:9549/api/files/EQnByY3S4e7H4Fg/3EaDzE7tRxqOVoe/LFrKFndj1hfpcmpVDx0M4uiZYCTMjHeB.jpg",\n                "correct": "Yes",\n                "opcion": ""\n              },\n              {\n                "resource": "https://aplicaciones.uteq.edu.ec:9549/api/files/EQnByY3S4e7H4Fg/inRX7zpOsGuK6zL/S7hxhfvPNfkq6wRXNtwVDq5ktqOUIyd7.jpg",\n                "correct": "Yes",\n                "opcion": ""\n              },\n              {\n                "resource": "https://aplicaciones.uteq.edu.ec:9549/api/files/EQnByY3S4e7H4Fg/7hgqiVew6wibW2M/AgtvD6GMBl9cVEf7Ff3HRCklrQKGM8hf.jpg",\n                "correct": "No",\n                "opcion": ""\n              }\n            ]\n          }\n        ]\n      },\n      {\n        "order_question": "0.2949014332351325",\n        "id_question": 1,\n        "name_questioncategory": "Multiple Option",\n        "title_question": "Identificar",\n        "description_question": "Identifique un monitor",\n        "feedback_question": "S, esta opcin es correcta por que s",\n        "hint_question": "Hay 2",\n        "pathurlsign_question": "https://aplicaciones.uteq.edu.ec:9549/api/files/EQnByY3S4e7H4Fg/knjaN0aCQ0fDcCb/8WVd6Ch9Zw73k2O7IuzBJ0UGaJ4ZG2Lj.mp4",\n        "pathurlvideo_question": "https://aplicaciones.uteq.edu.ec:9549/api/files/EQnByY3S4e7H4Fg/RKLAv2B5Cthk8Yy/QzlpyarKgoIUDa0UR0JdCxpANDNH6VBd.mp4",\n        "pathurlfile_question": "https://aplicaciones.uteq.edu.ec:9549/api/files/R0BDS4ixyAqvSUv/Czc3IJbUgLhUIzx/vINIsvtK61HjbUWWoyR1GrSTZ6swnyLX.docx",\n        "points_question": true,\n        "maximumpoints_question": 10,\n        "level_question": 1,\n        "answers_": [\n          {\n            "options_answer": [\n              {\n                "opcion": "",\n                "correct": "Yes",\n                "resource": "https://aplicaciones.uteq.edu.ec:9549/api/files/EQnByY3S4e7H4Fg/LiDPPahidwF7SG6/1qSFndIK47UoiuSnN8cPxLTtw6cIdypP.jpeg"\n              },\n              {\n                "opcion": "",\n                "correct": "No",\n                "resource": "https://aplicaciones.uteq.edu.ec:9549/api/files/EQnByY3S4e7H4Fg/NyHfWnrIzg9O8gN/ztzXCrvlBamJ7kPjsmR8YUaqTyTDVEWV.jpg"\n              },\n              {\n                "opcion": "",\n                "correct": "No",\n                "resource": "https://aplicaciones.uteq.edu.ec:9549/api/files/EQnByY3S4e7H4Fg/giBtuo7vQVl9uID/XaeuOAHIYexdh2zeWTOofYIc0DPaEI8k.png"\n              },\n              {\n                "opcion": "",\n                "correct": "Yes",\n                "resource": "https://aplicaciones.uteq.edu.ec:9549/api/files/EQnByY3S4e7H4Fg/7LwDskH1RA6fEpf/oBYgG7sQbhA8zW4GyGRDVS1LlunekkOl.png"\n              }\n            ]\n          }\n        ]\n      },\n      {\n        "order_question": "0.645800882759513",\n        "id_question": 7,\n        "name_questioncategory": "Multiple Option",\n        "title_question": "Conocimiento",\n        "description_question": "En que ao NO se invent la computadora",\n        "feedback_question": "S, esta opcin es correcta por que s",\n        "hint_question": "Apuesto que no estabas vivo",\n        "pathurlsign_question": "",\n        "pathurlvideo_question": null,\n        "pathurlfile_question": "https://aplicaciones.uteq.edu.ec:9549/api/files/R0BDS4ixyAqvSUv/Czc3IJbUgLhUIzx/vINIsvtK61HjbUWWoyR1GrSTZ6swnyLX.docx",\n        "points_question": true,\n        "maximumpoints_question": 30,\n        "level_question": 5,\n        "answers_": [\n          {\n            "options_answer": [\n              {\n                "opcion": "1936",\n                "correct": "No",\n                "resource": ""\n              },\n              {\n                "opcion": "1950",\n                "correct": "Yes",\n                "resource": ""\n              },\n              {\n                "opcion": "1930",\n                "correct": "Yes",\n                "resource": ""\n              }\n            ]\n          }\n        ]\n      },\n      {\n        "order_question": "0.7918168868741304",\n        "id_question": 45,\n        "name_questioncategory": "Build word",\n        "title_question": "Armar palabra",\n        "description_question": "Complete el nombre que pertenece a la imagen mostrada",\n        "feedback_question": "El teclado ",\n        "hint_question": "Existe una santa llamada Santa Tecla",\n        "pathurlsign_question": "",\n        "pathurlvideo_question": "",\n        "pathurlfile_question": "https://aplicaciones.uteq.edu.ec:9549/api/files/EQnByY3S4e7H4Fg/mauwdytC026LRs3/hqg2wbp9GXb4c2A7SOs0RIX0e2xEBKKb.jpg",\n        "points_question": true,\n        "maximumpoints_question": 10,\n        "level_question": 5,\n        "answers_": [\n          {\n            "options_answer": {\n              "word_question": "EL TECLADO"\n            }\n          }\n        ]\n      },\n      {\n        "order_question": "0.07058767674445932",\n        "id_question": 29,\n        "name_questioncategory": "Complete",\n        "title_question": "Completar",\n        "description_question": "selecciona la imagen acorde y complete",\n        "feedback_question": "El teclado ",\n        "hint_question": "Existe una santa llamada Santa Tecla",\n        "pathurlsign_question": "https://aplicaciones.uteq.edu.ec:9549/api/files/EQnByY3S4e7H4Fg/knjaN0aCQ0fDcCb/8WVd6Ch9Zw73k2O7IuzBJ0UGaJ4ZG2Lj.mp4",\n        "pathurlvideo_question": "https://aplicaciones.uteq.edu.ec:9549/api/files/EQnByY3S4e7H4Fg/RKLAv2B5Cthk8Yy/QzlpyarKgoIUDa0UR0JdCxpANDNH6VBd.mp4",\n        "pathurlfile_question": "https://aplicaciones.uteq.edu.ec:9549/api/files/R0BDS4ixyAqvSUv/Czc3IJbUgLhUIzx/vINIsvtK61HjbUWWoyR1GrSTZ6swnyLX.docx",\n        "points_question": true,\n        "maximumpoints_question": 10,\n        "level_question": 2,\n        "answers_": [\n          {\n            "options_answer": [\n              {\n                "description_question": "El computador es una mquina {$option$} diseada para la manipulacin y procesamiento de {$option$}.",\n                "description_question_R": "El computador es una mquina electrnica diseada para la manipulacin y procesamiento de datos.",\n                "options": [\n                  {\n                    "option": "electrnica",\n                    "resource": ""\n                  },\n                  {\n                    "option": "datos",\n                    "resource": ""\n                  },\n                  {\n                    "option": "asesina",\n                    "resource": ""\n                  },\n                  {\n                    "option": "comida",\n                    "resource": ""\n                  }\n                ]\n              }\n            ]\n          }\n        ]\n      },\n      {\n        "order_question": "0.4674264536156585",\n        "id_question": 10,\n        "name_questioncategory": "Relate",\n        "title_question": "Relacionar",\n        "description_question": "Relacione el nombre con su descripcin grfica",\n        "feedback_question": "S, esta opcin es correcta por que s",\n        "hint_question": null,\n        "pathurlsign_question": "https://aplicaciones.uteq.edu.ec:9549/api/files/EQnByY3S4e7H4Fg/RKLAv2B5Cthk8Yy/QzlpyarKgoIUDa0UR0JdCxpANDNH6VBd.mp4",\n        "pathurlvideo_question": "https://aplicaciones.uteq.edu.ec:9549/api/files/EQnByY3S4e7H4Fg/knjaN0aCQ0fDcCb/8WVd6Ch9Zw73k2O7IuzBJ0UGaJ4ZG2Lj.mp4",\n        "pathurlfile_question": "https://aplicaciones.uteq.edu.ec:9549/api/files/R0BDS4ixyAqvSUv/Czc3IJbUgLhUIzx/vINIsvtK61HjbUWWoyR1GrSTZ6swnyLX.docx",\n        "points_question": true,\n        "maximumpoints_question": 40,\n        "level_question": 3,\n        "answers_": [\n          {\n            "options_answer": [\n              {\n                "rightSide": "Monitor",\n                "resourse_rightSide": "",\n                "leftSide": "",\n                "resourse_leftSide": "https://aplicaciones.uteq.edu.ec:9549/api/files/EQnByY3S4e7H4Fg/VlRSQeUvJjD6dtv/HpDs37BAy9FsqE7f7UIpHVUnITBabFGs.jpg"\n              },\n              {\n                "rightSide": "Teclado",\n                "resourse_rightSide": "",\n                "leftSide": "",\n                "resourse_leftSide": "https://aplicaciones.uteq.edu.ec:9549/api/files/EQnByY3S4e7H4Fg/Rn0bEESFoRaWsqo/yxb8lF4AwXB08RSyf6liDf0F8ZOXTJ8D.png"\n              },\n              {\n                "rightSide": "Mouse",\n                "resourse_rightSide": "",\n                "leftSide": "",\n                "resourse_leftSide": "https://aplicaciones.uteq.edu.ec:9549/api/files/EQnByY3S4e7H4Fg/ZHqPxlcCPP7nP8M/8RLt50eSWN2YRABJKFgI53OAEDtstQg9.jpg"\n              },\n              {\n                "rightSide": "Audifonos",\n                "resourse_rightSide": "",\n                "leftSide": "",\n                "resourse_leftSide": "https://aplicaciones.uteq.edu.ec:9549/api/files/EQnByY3S4e7H4Fg/4b2aTKbPK0nWScQ/2oGyTY5u5Tq90kMAu6M0B6eUqyPHsn3d.jpg"\n              }\n            ]\n          }\n        ]\n      },\n      {\n        "order_question": "0.8357970053282209",\n        "id_question": 12,\n        "name_questioncategory": "Relate",\n        "title_question": "Analizar",\n        "description_question": "Relacione para que sirve",\n        "feedback_question": "S, esta opcin es correcta por que s",\n        "hint_question": null,\n        "pathurlsign_question": "",\n        "pathurlvideo_question": null,\n        "pathurlfile_question": "https://aplicaciones.uteq.edu.ec:9549/api/files/archivos/eJBzVX9CprMX9K6/hoQDoUpftwO8e5OOjHcACPtxrUid1ODr.pdf",\n        "points_question": true,\n        "maximumpoints_question": 40,\n        "level_question": 3,\n        "answers_": [\n          {\n            "options_answer": [\n              {\n                "rightSide": "Monitor",\n                "resourse_rightSide": "",\n                "leftSide": "Sirve para visualizar informacin",\n                "resourse_leftSide": ""\n              },\n              {\n                "rightSide": "Teclado",\n                "resourse_rightSide": "",\n                "leftSide": "Se usa para escribir",\n                "resourse_leftSide": ""\n              },\n              {\n                "rightSide": "Mouse",\n                "resourse_rightSide": "",\n                "leftSide": "Se utiliza para movernos con el cursos",\n                "resourse_leftSide": ""\n              },\n              {\n                "rightSide": "Audifnos",\n                "resourse_rightSide": "",\n                "leftSide": "Es usado para escuchar audios",\n                "resourse_leftSide": ""\n              }\n            ]\n          }\n        ]\n      }\n    ]\n  }\n]	2022-08-24 02:09:37	80.00	5	71.03	2	1
6	[\n  {\n    "name_evaluation": "Conocimientos bsicos",\n    "description_evaluation": "para evaluar los conocimientos",\n    "time_evaluation": true,\n    "timeminutes_evaluation": 120,\n    "order_category": true,\n    "questions_": [\n      {\n        "order_question": "0.37082165164593306",\n        "id_question": 27,\n        "name_questioncategory": "True or False",\n        "title_question": "Memoria",\n        "description_question": "El monitor procesa la informacin",\n        "feedback_question": "CPU",\n        "hint_question": "El monitor sirve para visualizar",\n        "pathurlsign_question": "",\n        "pathurlvideo_question": null,\n        "pathurlfile_question": null,\n        "points_question": false,\n        "maximumpoints_question": 10,\n        "level_question": 2,\n        "answers_": [\n          {\n            "options_answer": [\n              {\n                "opcion": "Verdadero",\n                "correct": "No"\n              },\n              {\n                "opcion": "Falso",\n                "correct": "Yes"\n              }\n            ]\n          }\n        ],\n        "canResource": false\n      },\n      {\n        "order_question": "0.5954469908235787",\n        "id_question": 25,\n        "name_questioncategory": "True or False",\n        "title_question": "Analizar",\n        "description_question": "El software NO es la parte tangible de la computadora",\n        "feedback_question": "El software son las aplicaciones",\n        "hint_question": "Esta aplicacin es un software por ende no se puede....",\n        "pathurlsign_question": "https://aplicaciones.uteq.edu.ec:9549/api/files/EQnByY3S4e7H4Fg/gwFyedSaHzGsa4j/QpjYHzzyVJaD2HnrD5PhIQStwzaeIRrQ.mp4",\n        "pathurlvideo_question": null,\n        "pathurlfile_question": null,\n        "points_question": true,\n        "maximumpoints_question": 10,\n        "level_question": 4,\n        "answers_": [\n          {\n            "options_answer": [\n              {\n                "opcion": "Verdadero",\n                "correct": "Yes"\n              },\n              {\n                "opcion": "Falso",\n                "correct": "No"\n              }\n            ]\n          }\n        ]\n      },\n      {\n        "order_question": "0.16578112454198646",\n        "id_question": 6,\n        "name_questioncategory": "Simple Option",\n        "title_question": "Analizar",\n        "description_question": "El monitor y la impresora son dispositivos:",\n        "feedback_question": "S, esta opcin es correcta por que s",\n        "hint_question": "Cuando vas al cyber a que te saquen copia, entra los datos para que despus s...",\n        "pathurlsign_question": "https://aplicaciones.uteq.edu.ec:9549/api/files/EQnByY3S4e7H4Fg/TPnnDRDnid2PhWc/XGR0AAoiVLQMLLy3fqtSRdlDw8xVxf6l.mp4",\n        "pathurlvideo_question": "https://aplicaciones.uteq.edu.ec:9549/api/files/EQnByY3S4e7H4Fg/gwFyedSaHzGsa4j/QpjYHzzyVJaD2HnrD5PhIQStwzaeIRrQ.mp4",\n        "pathurlfile_question": "https://aplicaciones.uteq.edu.ec:9549/api/files/R0BDS4ixyAqvSUv/Czc3IJbUgLhUIzx/vINIsvtK61HjbUWWoyR1GrSTZ6swnyLX.docx",\n        "points_question": false,\n        "maximumpoints_question": 0,\n        "level_question": 2,\n        "answers_": [\n          {\n            "options_answer": [\n              {\n                "opcion": "Mixto",\n                "correct": "No",\n                "resource": ""\n              },\n              {\n                "opcion": "Entrada",\n                "correct": "No",\n                "resource": ""\n              },\n              {\n                "opcion": "Almacenamiento",\n                "correct": "No",\n                "resource": ""\n              },\n              {\n                "opcion": "Salida",\n                "correct": "Yes",\n                "resource": ""\n              }\n            ]\n          }\n        ]\n      },\n      {\n        "order_question": "0.2732057059317725",\n        "id_question": 5,\n        "name_questioncategory": "Simple Option",\n        "title_question": "Identificar",\n        "description_question": "Identifique un teclado",\n        "feedback_question": "S, esta opcin es correcta por que s",\n        "hint_question": "Es blanco",\n        "pathurlsign_question": "https://aplicaciones.uteq.edu.ec:9549/api/files/EQnByY3S4e7H4Fg/tTEzSGNxmX6d1rD/aPVGei7LU9svbf7zny59A5FHcnK1Bum8.mp4",\n        "pathurlvideo_question": "https://aplicaciones.uteq.edu.ec:9549/api/files/EQnByY3S4e7H4Fg/DFOcBRVHBHAgMkc/NyUZYw5NaKYQijV8gKpW0paR4CoXUS2O.mp4",\n        "pathurlfile_question": null,\n        "points_question": true,\n        "maximumpoints_question": 10,\n        "level_question": 1,\n        "answers_": [\n          {\n            "options_answer": [\n              {\n                "opcion": "",\n                "correct": "No",\n                "resource": "https://aplicaciones.uteq.edu.ec:9549/api/files/EQnByY3S4e7H4Fg/6SqR0F0pC1GK7Iq/uqWEFxONWUjcwhmv6sJB8RAtvpXBHZiZ.jpg"\n              },\n              {\n                "opcion": "",\n                "correct": "Yes",\n                "resource": "https://aplicaciones.uteq.edu.ec:9549/api/files/EQnByY3S4e7H4Fg/iEheso94ithGkXd/nw0EoFgE7Z3HWKffKQBpDAm3M2yDrypI.jpg"\n              },\n              {\n                "opcion": "",\n                "correct": "No",\n                "resource": "https://aplicaciones.uteq.edu.ec:9549/api/files/EQnByY3S4e7H4Fg/W54TkubCDeTaKez/FCk4JgsEt6bdovNM6xuRWsJD023gKgi1.jpg"\n              }\n            ]\n          }\n        ]\n      },\n      {\n        "order_question": "0.28331658595399745",\n        "id_question": 13,\n        "name_questioncategory": "Simple Option",\n        "title_question": "Analizar",\n        "description_question": "El teclado es un dispositivo de:",\n        "feedback_question": "S, esta opcin es correcta por que s",\n        "hint_question": "Con lo que se escribi esta pregunta, es decir los datos en...",\n        "pathurlsign_question": "",\n        "pathurlvideo_question": null,\n        "pathurlfile_question": "https://aplicaciones.uteq.edu.ec:9549/api/files/R0BDS4ixyAqvSUv/Czc3IJbUgLhUIzx/vINIsvtK61HjbUWWoyR1GrSTZ6swnyLX.docx",\n        "points_question": true,\n        "maximumpoints_question": 10,\n        "level_question": 1,\n        "answers_": [\n          {\n            "options_answer": [\n              {\n                "opcion": "Entrada y Salida",\n                "correct": "No",\n                "resource": ""\n              },\n              {\n                "opcion": "Entrada",\n                "correct": "Yes",\n                "resource": ""\n              },\n              {\n                "opcion": "Salida",\n                "correct": "No",\n                "resource": ""\n              },\n              {\n                "opcion": "Almacenamiento",\n                "correct": "No",\n                "resource": ""\n              }\n            ]\n          }\n        ]\n      },\n      {\n        "order_question": "0.5783991617925786",\n        "id_question": 9,\n        "name_questioncategory": "Simple Option",\n        "title_question": "Identificar",\n        "description_question": "Seleccione la imagen que crea corresponda a un CPU",\n        "feedback_question": "S, esta opcin es correcta por que s",\n        "hint_question": "Mira dos veces",\n        "pathurlsign_question": "https://aplicaciones.uteq.edu.ec:9549/api/files/EQnByY3S4e7H4Fg/DFOcBRVHBHAgMkc/NyUZYw5NaKYQijV8gKpW0paR4CoXUS2O.mp4",\n        "pathurlvideo_question": null,\n        "pathurlfile_question": null,\n        "points_question": false,\n        "maximumpoints_question": 0,\n        "level_question": 1,\n        "answers_": [\n          {\n            "options_answer": [\n              {\n                "resource": "https://aplicaciones.uteq.edu.ec:9549/api/files/EQnByY3S4e7H4Fg/T1FiFxpJ5FFIhGQ/zhEgEH6oitiX58awBRtlf2bNnu2V9aqD.png",\n                "correct": "No",\n                "opcion": ""\n              },\n              {\n                "resource": "https://aplicaciones.uteq.edu.ec:9549/api/files/EQnByY3S4e7H4Fg/HW478gH7DJ8BNFt/HxQSv1uaVwGoXHWI3gJ5udulfcnUfDOk.jpg",\n                "correct": "Yes",\n                "opcion": ""\n              }\n            ]\n          }\n        ]\n      },\n      {\n        "order_question": "0.922517389704705",\n        "id_question": 2,\n        "name_questioncategory": "Simple Option",\n        "title_question": "Analizar",\n        "description_question": "El computador sirve para:",\n        "feedback_question": "S, esta opcin es correcta por que s",\n        "hint_question": "Con lo que se redact este mensaje",\n        "pathurlsign_question": "https://aplicaciones.uteq.edu.ec:9549/api/files/EQnByY3S4e7H4Fg/gwFyedSaHzGsa4j/QpjYHzzyVJaD2HnrD5PhIQStwzaeIRrQ.mp4",\n        "pathurlvideo_question": "https://aplicaciones.uteq.edu.ec:9549/api/files/EQnByY3S4e7H4Fg/TPnnDRDnid2PhWc/XGR0AAoiVLQMLLy3fqtSRdlDw8xVxf6l.mp4",\n        "pathurlfile_question": null,\n        "points_question": false,\n        "maximumpoints_question": 0,\n        "level_question": 1,\n        "answers_": [\n          {\n            "options_answer": [\n              {\n                "opcion": "Escribir",\n                "correct": "Yes",\n                "resource": ""\n              },\n              {\n                "opcion": "Comer",\n                "correct": "No",\n                "resource": ""\n              },\n              {\n                "opcion": "Tomar bebidas",\n                "correct": "No",\n                "resource": ""\n              },\n              {\n                "opcion": "Ninguna de las anteriores",\n                "correct": "No",\n                "resource": ""\n              },\n              {\n                "opcion": "Todas las anteriores",\n                "correct": "No",\n                "resource": ""\n              }\n            ]\n          }\n        ]\n      },\n      {\n        "order_question": "0.009456838644982923",\n        "id_question": 8,\n        "name_questioncategory": "Multiple Option",\n        "title_question": "Identificar",\n        "description_question": "Seleccione la imagen que crea corresponda a un mouse",\n        "feedback_question": "S, esta opcin es correcta por que s",\n        "hint_question": null,\n        "pathurlsign_question": "https://aplicaciones.uteq.edu.ec:9549/api/files/EQnByY3S4e7H4Fg/D3JYGDeLa0mekT7/gHlND2phY5GkT1CnjLEBkzPPwx8dUPUq.mp4",\n        "pathurlvideo_question": "https://aplicaciones.uteq.edu.ec:9549/api/files/EQnByY3S4e7H4Fg/DFOcBRVHBHAgMkc/NyUZYw5NaKYQijV8gKpW0paR4CoXUS2O.mp4",\n        "pathurlfile_question": "https://aplicaciones.uteq.edu.ec:9549/api/files/archivos/eJBzVX9CprMX9K6/hoQDoUpftwO8e5OOjHcACPtxrUid1ODr.pdf",\n        "points_question": true,\n        "maximumpoints_question": 10,\n        "level_question": 2,\n        "answers_": [\n          {\n            "options_answer": [\n              {\n                "resource": "https://aplicaciones.uteq.edu.ec:9549/api/files/EQnByY3S4e7H4Fg/pw7UaSdVPpo3CUc/Svk0AdtmW5TLtToVcaMbGmAwlcWIAupi.jpg",\n                "correct": "No",\n                "opcion": ""\n              },\n              {\n                "resource": "https://aplicaciones.uteq.edu.ec:9549/api/files/EQnByY3S4e7H4Fg/3EaDzE7tRxqOVoe/LFrKFndj1hfpcmpVDx0M4uiZYCTMjHeB.jpg",\n                "correct": "Yes",\n                "opcion": ""\n              },\n              {\n                "resource": "https://aplicaciones.uteq.edu.ec:9549/api/files/EQnByY3S4e7H4Fg/inRX7zpOsGuK6zL/S7hxhfvPNfkq6wRXNtwVDq5ktqOUIyd7.jpg",\n                "correct": "Yes",\n                "opcion": ""\n              },\n              {\n                "resource": "https://aplicaciones.uteq.edu.ec:9549/api/files/EQnByY3S4e7H4Fg/7hgqiVew6wibW2M/AgtvD6GMBl9cVEf7Ff3HRCklrQKGM8hf.jpg",\n                "correct": "No",\n                "opcion": ""\n              }\n            ]\n          }\n        ]\n      },\n      {\n        "order_question": "0.2949014332351325",\n        "id_question": 1,\n        "name_questioncategory": "Multiple Option",\n        "title_question": "Identificar",\n        "description_question": "Identifique un monitor",\n        "feedback_question": "S, esta opcin es correcta por que s",\n        "hint_question": "Hay 2",\n        "pathurlsign_question": "https://aplicaciones.uteq.edu.ec:9549/api/files/EQnByY3S4e7H4Fg/knjaN0aCQ0fDcCb/8WVd6Ch9Zw73k2O7IuzBJ0UGaJ4ZG2Lj.mp4",\n        "pathurlvideo_question": "https://aplicaciones.uteq.edu.ec:9549/api/files/EQnByY3S4e7H4Fg/RKLAv2B5Cthk8Yy/QzlpyarKgoIUDa0UR0JdCxpANDNH6VBd.mp4",\n        "pathurlfile_question": "https://aplicaciones.uteq.edu.ec:9549/api/files/R0BDS4ixyAqvSUv/Czc3IJbUgLhUIzx/vINIsvtK61HjbUWWoyR1GrSTZ6swnyLX.docx",\n        "points_question": true,\n        "maximumpoints_question": 10,\n        "level_question": 1,\n        "answers_": [\n          {\n            "options_answer": [\n              {\n                "opcion": "",\n                "correct": "Yes",\n                "resource": "https://aplicaciones.uteq.edu.ec:9549/api/files/EQnByY3S4e7H4Fg/LiDPPahidwF7SG6/1qSFndIK47UoiuSnN8cPxLTtw6cIdypP.jpeg"\n              },\n              {\n                "opcion": "",\n                "correct": "No",\n                "resource": "https://aplicaciones.uteq.edu.ec:9549/api/files/EQnByY3S4e7H4Fg/NyHfWnrIzg9O8gN/ztzXCrvlBamJ7kPjsmR8YUaqTyTDVEWV.jpg"\n              },\n              {\n                "opcion": "",\n                "correct": "No",\n                "resource": "https://aplicaciones.uteq.edu.ec:9549/api/files/EQnByY3S4e7H4Fg/giBtuo7vQVl9uID/XaeuOAHIYexdh2zeWTOofYIc0DPaEI8k.png"\n              },\n              {\n                "opcion": "",\n                "correct": "Yes",\n                "resource": "https://aplicaciones.uteq.edu.ec:9549/api/files/EQnByY3S4e7H4Fg/7LwDskH1RA6fEpf/oBYgG7sQbhA8zW4GyGRDVS1LlunekkOl.png"\n              }\n            ]\n          }\n        ]\n      },\n      {\n        "order_question": "0.645800882759513",\n        "id_question": 7,\n        "name_questioncategory": "Multiple Option",\n        "title_question": "Conocimiento",\n        "description_question": "En que ao NO se invent la computadora",\n        "feedback_question": "S, esta opcin es correcta por que s",\n        "hint_question": "Apuesto que no estabas vivo",\n        "pathurlsign_question": "",\n        "pathurlvideo_question": null,\n        "pathurlfile_question": "https://aplicaciones.uteq.edu.ec:9549/api/files/R0BDS4ixyAqvSUv/Czc3IJbUgLhUIzx/vINIsvtK61HjbUWWoyR1GrSTZ6swnyLX.docx",\n        "points_question": true,\n        "maximumpoints_question": 30,\n        "level_question": 5,\n        "answers_": [\n          {\n            "options_answer": [\n              {\n                "opcion": "1936",\n                "correct": "No",\n                "resource": ""\n              },\n              {\n                "opcion": "1950",\n                "correct": "Yes",\n                "resource": ""\n              },\n              {\n                "opcion": "1930",\n                "correct": "Yes",\n                "resource": ""\n              }\n            ]\n          }\n        ]\n      },\n      {\n        "order_question": "0.7918168868741304",\n        "id_question": 45,\n        "name_questioncategory": "Build word",\n        "title_question": "Armar palabra",\n        "description_question": "Complete el nombre que pertenece a la imagen mostrada",\n        "feedback_question": "El teclado ",\n        "hint_question": "Existe una santa llamada Santa Tecla",\n        "pathurlsign_question": "",\n        "pathurlvideo_question": "",\n        "pathurlfile_question": "https://aplicaciones.uteq.edu.ec:9549/api/files/EQnByY3S4e7H4Fg/mauwdytC026LRs3/hqg2wbp9GXb4c2A7SOs0RIX0e2xEBKKb.jpg",\n        "points_question": true,\n        "maximumpoints_question": 10,\n        "level_question": 5,\n        "answers_": [\n          {\n            "options_answer": {\n              "word_question": "EL TECLADO"\n            }\n          }\n        ]\n      },\n      {\n        "order_question": "0.07058767674445932",\n        "id_question": 29,\n        "name_questioncategory": "Complete",\n        "title_question": "Completar",\n        "description_question": "selecciona la imagen acorde y complete",\n        "feedback_question": "El teclado ",\n        "hint_question": "Existe una santa llamada Santa Tecla",\n        "pathurlsign_question": "https://aplicaciones.uteq.edu.ec:9549/api/files/EQnByY3S4e7H4Fg/knjaN0aCQ0fDcCb/8WVd6Ch9Zw73k2O7IuzBJ0UGaJ4ZG2Lj.mp4",\n        "pathurlvideo_question": "https://aplicaciones.uteq.edu.ec:9549/api/files/EQnByY3S4e7H4Fg/RKLAv2B5Cthk8Yy/QzlpyarKgoIUDa0UR0JdCxpANDNH6VBd.mp4",\n        "pathurlfile_question": "https://aplicaciones.uteq.edu.ec:9549/api/files/R0BDS4ixyAqvSUv/Czc3IJbUgLhUIzx/vINIsvtK61HjbUWWoyR1GrSTZ6swnyLX.docx",\n        "points_question": true,\n        "maximumpoints_question": 10,\n        "level_question": 2,\n        "answers_": [\n          {\n            "options_answer": [\n              {\n                "description_question": "El computador es una mquina {$option$} diseada para la manipulacin y procesamiento de {$option$}.",\n                "description_question_R": "El computador es una mquina electrnica diseada para la manipulacin y procesamiento de datos.",\n                "options": [\n                  {\n                    "option": "electrnica",\n                    "resource": ""\n                  },\n                  {\n                    "option": "datos",\n                    "resource": ""\n                  },\n                  {\n                    "option": "asesina",\n                    "resource": ""\n                  },\n                  {\n                    "option": "comida",\n                    "resource": ""\n                  }\n                ]\n              }\n            ]\n          }\n        ]\n      },\n      {\n        "order_question": "0.4674264536156585",\n        "id_question": 10,\n        "name_questioncategory": "Relate",\n        "title_question": "Relacionar",\n        "description_question": "Relacione el nombre con su descripcin grfica",\n        "feedback_question": "S, esta opcin es correcta por que s",\n        "hint_question": null,\n        "pathurlsign_question": "https://aplicaciones.uteq.edu.ec:9549/api/files/EQnByY3S4e7H4Fg/RKLAv2B5Cthk8Yy/QzlpyarKgoIUDa0UR0JdCxpANDNH6VBd.mp4",\n        "pathurlvideo_question": "https://aplicaciones.uteq.edu.ec:9549/api/files/EQnByY3S4e7H4Fg/knjaN0aCQ0fDcCb/8WVd6Ch9Zw73k2O7IuzBJ0UGaJ4ZG2Lj.mp4",\n        "pathurlfile_question": "https://aplicaciones.uteq.edu.ec:9549/api/files/R0BDS4ixyAqvSUv/Czc3IJbUgLhUIzx/vINIsvtK61HjbUWWoyR1GrSTZ6swnyLX.docx",\n        "points_question": true,\n        "maximumpoints_question": 40,\n        "level_question": 3,\n        "answers_": [\n          {\n            "options_answer": [\n              {\n                "rightSide": "Monitor",\n                "resourse_rightSide": "",\n                "leftSide": "",\n                "resourse_leftSide": "https://aplicaciones.uteq.edu.ec:9549/api/files/EQnByY3S4e7H4Fg/VlRSQeUvJjD6dtv/HpDs37BAy9FsqE7f7UIpHVUnITBabFGs.jpg"\n              },\n              {\n                "rightSide": "Teclado",\n                "resourse_rightSide": "",\n                "leftSide": "",\n                "resourse_leftSide": "https://aplicaciones.uteq.edu.ec:9549/api/files/EQnByY3S4e7H4Fg/Rn0bEESFoRaWsqo/yxb8lF4AwXB08RSyf6liDf0F8ZOXTJ8D.png"\n              },\n              {\n                "rightSide": "Mouse",\n                "resourse_rightSide": "",\n                "leftSide": "",\n                "resourse_leftSide": "https://aplicaciones.uteq.edu.ec:9549/api/files/EQnByY3S4e7H4Fg/ZHqPxlcCPP7nP8M/8RLt50eSWN2YRABJKFgI53OAEDtstQg9.jpg"\n              },\n              {\n                "rightSide": "Audifonos",\n                "resourse_rightSide": "",\n                "leftSide": "",\n                "resourse_leftSide": "https://aplicaciones.uteq.edu.ec:9549/api/files/EQnByY3S4e7H4Fg/4b2aTKbPK0nWScQ/2oGyTY5u5Tq90kMAu6M0B6eUqyPHsn3d.jpg"\n              }\n            ]\n          }\n        ]\n      },\n      {\n        "order_question": "0.8357970053282209",\n        "id_question": 12,\n        "name_questioncategory": "Relate",\n        "title_question": "Analizar",\n        "description_question": "Relacione para que sirve",\n        "feedback_question": "S, esta opcin es correcta por que s",\n        "hint_question": null,\n        "pathurlsign_question": "",\n        "pathurlvideo_question": null,\n        "pathurlfile_question": "https://aplicaciones.uteq.edu.ec:9549/api/files/archivos/eJBzVX9CprMX9K6/hoQDoUpftwO8e5OOjHcACPtxrUid1ODr.pdf",\n        "points_question": true,\n        "maximumpoints_question": 40,\n        "level_question": 3,\n        "answers_": [\n          {\n            "options_answer": [\n              {\n                "rightSide": "Monitor",\n                "resourse_rightSide": "",\n                "leftSide": "Sirve para visualizar informacin",\n                "resourse_leftSide": ""\n              },\n              {\n                "rightSide": "Teclado",\n                "resourse_rightSide": "",\n                "leftSide": "Se usa para escribir",\n                "resourse_leftSide": ""\n              },\n              {\n                "rightSide": "Mouse",\n                "resourse_rightSide": "",\n                "leftSide": "Se utiliza para movernos con el cursos",\n                "resourse_leftSide": ""\n              },\n              {\n                "rightSide": "Audifnos",\n                "resourse_rightSide": "",\n                "leftSide": "Es usado para escuchar audios",\n                "resourse_leftSide": ""\n              }\n            ]\n          }\n        ]\n      }\n    ]\n  }\n]	2022-08-25 02:09:39	140.00	6	66.66	2	1
8	[]	2022-08-21 03:49:45	150.00	1	50.00	2	2
10	[]	2022-08-23 03:49:45	140.00	3	70.00	2	2
9	[]	2022-08-22 03:49:45	160.00	2	60.00	2	2
11	[]	2022-08-24 03:49:45	189.00	1	55.00	2	11
12	[]	2022-08-25 03:49:45	160.00	2	65.00	2	11
13	[]	2022-08-23 03:49:45	147.00	3	75.00	2	11
\.


--
-- Data for Name: question_category; Type: TABLE DATA; Schema: public; Owner: @dminvincul@cion2022
--

COPY public.question_category (id_questioncategory, name_questioncategory, state_questioncategory) FROM stdin;
1	True or False	A
2	Simple Option	A
3	Multiple Option	A
4	Complete	A
5	Relate	A
6	Puzzle	A
7	Build word	A
\.


--
-- Data for Name: questions; Type: TABLE DATA; Schema: public; Owner: @dminvincul@cion2022
--

COPY public.questions (id_question, title_question, description_question, pathurlsign_question, points_question, maximumpoints_question, state_question, evaluations_id_evaluation, level_question, question_category_id_questioncategory, pathurlvideo_question, pathurlfile_question, feedback_question, hint_question) FROM stdin;
65	Conocimiento	Por cuntos archivos al menos est compuesto un shapefile?		t	10	A	13	1	2				
66	Conocimiento	Un formato para almacenar datos geogrficos es la personal geodatabase. Qu tipo de elementos puede contener?		t	10	A	13	1	2				
67	Conocimiento	Cul es el trmino usado para referirse a un conjunto de hardware, software, personal, etc. que trabajan de manera conjunta para un fin?		t	10	A	13	1	2				
68	Conocimiento	Los SIG utilizan varios modelos de datos para representar la informacin geogrfica. Uno de ellos est basado en celdas que contienen un valor. Cul es el nombre del modelo en mencin?		t	10	A	13	1	2				
69	Conocimiento	Cul es el nombre del software SIG producido por la compaa ESRI?		t	10	A	13	1	2				
70	Conocimiento	De qu forma se organiza la informacin geogrfica en un sistema de informacin geogrfica?		t	10	A	13	1	2				
71	Conocimiento	Los SIG utilizan varios modelos de datos para representar la informacin geogrfica. Uno de ellos est basado en primitivas geomtricas. Cul es el nombre del modelo en mencin?		t	10	A	13	1	2				
72	Conocimiento	La componente espacial del dato geogrfico tiene ciertas caractersticas. Una de estas caractersticas se refiere a las relaciones cualitativas entre entidades. Cul es el nombre de esta relacin?		t	10	A	13	1	2				
73	Conocimiento	El dato geogrfico puede ser considerado especial en comparacin a otros tipos de datos. Cul es la razn de tal consideracin?		t	10	A	13	1	2				
6	Analizar	El monitor y la impresora son dispositivos:	https://fyc.uteq.edu.ec:9549/api/files/EQnByY3S4e7H4Fg/TPnnDRDnid2PhWc/XGR0AAoiVLQMLLy3fqtSRdlDw8xVxf6l.mp4	f	0	A	1	2	2	https://fyc.uteq.edu.ec:9549/api/files/EQnByY3S4e7H4Fg/gwFyedSaHzGsa4j/QpjYHzzyVJaD2HnrD5PhIQStwzaeIRrQ.mp4	https://fyc.uteq.edu.ec:9549/api/files/R0BDS4ixyAqvSUv/Czc3IJbUgLhUIzx/vINIsvtK61HjbUWWoyR1GrSTZ6swnyLX.docx	S, esta opcin es correcta por que s	Cuando vas al cyber a que te saquen copia, entra los datos para que despus s...
2	Analizar	El computador sirve para:	https://fyc.uteq.edu.ec:9549/api/files/EQnByY3S4e7H4Fg/gwFyedSaHzGsa4j/QpjYHzzyVJaD2HnrD5PhIQStwzaeIRrQ.mp4	f	0	A	1	1	2	https://fyc.uteq.edu.ec:9549/api/files/EQnByY3S4e7H4Fg/TPnnDRDnid2PhWc/XGR0AAoiVLQMLLy3fqtSRdlDw8xVxf6l.mp4		S, esta opcin es correcta por que s	Con lo que se redact este mensaje
14	Identificar	Identifique un monitor		f	0	A	2	1	3		https://fyc.uteq.edu.ec:9549/api/files/archivos/eJBzVX9CprMX9K6/hoQDoUpftwO8e5OOjHcACPtxrUid1ODr.pdf	S, esta opcin es correcta por que s	Hay 2!
13	Analizar	El teclado es un dispositivo de:		t	10	A	1	1	2		https://fyc.uteq.edu.ec:9549/api/files/R0BDS4ixyAqvSUv/Czc3IJbUgLhUIzx/vINIsvtK61HjbUWWoyR1GrSTZ6swnyLX.docx	S, esta opcin es correcta por que s	Con lo que se escribi esta pregunta, es decir los datos en...
7	Conocimiento	En que ao NO se invent la computadora		t	30	A	1	5	3		https://fyc.uteq.edu.ec:9549/api/files/R0BDS4ixyAqvSUv/Czc3IJbUgLhUIzx/vINIsvtK61HjbUWWoyR1GrSTZ6swnyLX.docx	S, esta opcin es correcta por que s	Apuesto que no estabas vivo
5	Identificar	Identifique un teclado	https://fyc.uteq.edu.ec:9549/api/files/EQnByY3S4e7H4Fg/tTEzSGNxmX6d1rD/aPVGei7LU9svbf7zny59A5FHcnK1Bum8.mp4	t	10	A	1	1	2	https://fyc.uteq.edu.ec:9549/api/files/EQnByY3S4e7H4Fg/DFOcBRVHBHAgMkc/NyUZYw5NaKYQijV8gKpW0paR4CoXUS2O.mp4		S, esta opcin es correcta por que s	Es blanco
1	Identificar	Identifique un monitor	https://fyc.uteq.edu.ec:9549/api/files/EQnByY3S4e7H4Fg/knjaN0aCQ0fDcCb/8WVd6Ch9Zw73k2O7IuzBJ0UGaJ4ZG2Lj.mp4	t	10	A	1	1	3	https://fyc.uteq.edu.ec:9549/api/files/EQnByY3S4e7H4Fg/RKLAv2B5Cthk8Yy/QzlpyarKgoIUDa0UR0JdCxpANDNH6VBd.mp4	https://fyc.uteq.edu.ec:9549/api/files/R0BDS4ixyAqvSUv/Czc3IJbUgLhUIzx/vINIsvtK61HjbUWWoyR1GrSTZ6swnyLX.docx	S, esta opcin es correcta por que s	Hay 2
24	Analizar	El teclado es un dispositivo de:	https://fyc.uteq.edu.ec:9549/api/files/EQnByY3S4e7H4Fg/RKLAv2B5Cthk8Yy/QzlpyarKgoIUDa0UR0JdCxpANDNH6VBd.mp4	f	0	A	2	1	2			S, esta opcin es correcta por que s	Con lo que se escribi esta pregunta, es decir los datos en...
9	Identificar	Seleccione la imagen que crea corresponda a un CPU	https://fyc.uteq.edu.ec:9549/api/files/EQnByY3S4e7H4Fg/DFOcBRVHBHAgMkc/NyUZYw5NaKYQijV8gKpW0paR4CoXUS2O.mp4	f	0	A	1	1	2			S, esta opcin es correcta por que s	Mira dos veces
28	Memoria	El monitor procesa la informacin		f	0	A	2	2	1			CPU	El monitor sirve para visualizar
51	Destreza	Ensamble la figura segn corresponda		t	10	A	1	4	6			El mouse es un elemento indispensable del computador	No todo est en su lugar
29	Completar	selecciona la imagen acorde y complete	https://fyc.uteq.edu.ec:9549/api/files/EQnByY3S4e7H4Fg/knjaN0aCQ0fDcCb/8WVd6Ch9Zw73k2O7IuzBJ0UGaJ4ZG2Lj.mp4	t	10	A	1	2	4	https://fyc.uteq.edu.ec:9549/api/files/EQnByY3S4e7H4Fg/RKLAv2B5Cthk8Yy/QzlpyarKgoIUDa0UR0JdCxpANDNH6VBd.mp4	https://fyc.uteq.edu.ec:9549/api/files/R0BDS4ixyAqvSUv/Czc3IJbUgLhUIzx/vINIsvtK61HjbUWWoyR1GrSTZ6swnyLX.docx	El teclado 	Existe una santa llamada Santa Tecla
30	Complete	selecciona la imagen acorde y complete	https://fyc.uteq.edu.ec:9549/api/files/EQnByY3S4e7H4Fg/knjaN0aCQ0fDcCb/8WVd6Ch9Zw73k2O7IuzBJ0UGaJ4ZG2Lj.mp4	t	0	A	2	2	4	https://fyc.uteq.edu.ec:9549/api/files/EQnByY3S4e7H4Fg/RKLAv2B5Cthk8Yy/QzlpyarKgoIUDa0UR0JdCxpANDNH6VBd.mp4	https://fyc.uteq.edu.ec:9549/api/files/R0BDS4ixyAqvSUv/Czc3IJbUgLhUIzx/vINIsvtK61HjbUWWoyR1GrSTZ6swnyLX.docx	El teclado 	Existe una santa llamada Santa Tecla
16	Identificar	Identifique un teclado	https://fyc.uteq.edu.ec:9549/api/files/EQnByY3S4e7H4Fg/gwFyedSaHzGsa4j/QpjYHzzyVJaD2HnrD5PhIQStwzaeIRrQ.mp4	f	0	A	2	1	2	https://fyc.uteq.edu.ec:9549/api/files/EQnByY3S4e7H4Fg/D3JYGDeLa0mekT7/gHlND2phY5GkT1CnjLEBkzPPwx8dUPUq.mp4	https://fyc.uteq.edu.ec:9549/api/files/archivos/eJBzVX9CprMX9K6/hoQDoUpftwO8e5OOjHcACPtxrUid1ODr.pdf	S, esta opcin es correcta por que s	El que tiene teclas
41	Identificar	Identifique un teclado	https://fyc.uteq.edu.ec:9549/api/files/EQnByY3S4e7H4Fg/tTEzSGNxmX6d1rD/aPVGei7LU9svbf7zny59A5FHcnK1Bum8.mp4	t	10	A	11	1	2	https://fyc.uteq.edu.ec:9549/api/files/EQnByY3S4e7H4Fg/DFOcBRVHBHAgMkc/NyUZYw5NaKYQijV8gKpW0paR4CoXUS2O.mp4		S, esta opcin es correcta por que s	Es blanco
26	Analizar	El software NO es la parte tangible de la computadora	https://fyc.uteq.edu.ec:9549/api/files/EQnByY3S4e7H4Fg/gwFyedSaHzGsa4j/QpjYHzzyVJaD2HnrD5PhIQStwzaeIRrQ.mp4	t	0	A	2	4	1			El software son las aplicaciones	Esta aplicacin es un software por ende no se puede....
25	Analizar	El software NO es la parte tangible de la computadora	https://fyc.uteq.edu.ec:9549/api/files/EQnByY3S4e7H4Fg/gwFyedSaHzGsa4j/QpjYHzzyVJaD2HnrD5PhIQStwzaeIRrQ.mp4	t	10	A	1	4	1			El software son las aplicaciones	Esta aplicacin es un software por ende no se puede....
37	Identificar	Identifique un monitor	https://fyc.uteq.edu.ec:9549/api/files/EQnByY3S4e7H4Fg/knjaN0aCQ0fDcCb/8WVd6Ch9Zw73k2O7IuzBJ0UGaJ4ZG2Lj.mp4	t	10	A	11	1	3	https://fyc.uteq.edu.ec:9549/api/files/EQnByY3S4e7H4Fg/RKLAv2B5Cthk8Yy/QzlpyarKgoIUDa0UR0JdCxpANDNH6VBd.mp4	https://fyc.uteq.edu.ec:9549/api/files/R0BDS4ixyAqvSUv/Czc3IJbUgLhUIzx/vINIsvtK61HjbUWWoyR1GrSTZ6swnyLX.docx	S, esta opcin es correcta por que s	Hay 2
35	Analizar	El monitor y la impresora son dispositivos:	https://fyc.uteq.edu.ec:9549/api/files/EQnByY3S4e7H4Fg/TPnnDRDnid2PhWc/XGR0AAoiVLQMLLy3fqtSRdlDw8xVxf6l.mp4	f	0	A	11	2	2	https://fyc.uteq.edu.ec:9549/api/files/EQnByY3S4e7H4Fg/gwFyedSaHzGsa4j/QpjYHzzyVJaD2HnrD5PhIQStwzaeIRrQ.mp4	https://fyc.uteq.edu.ec:9549/api/files/R0BDS4ixyAqvSUv/Czc3IJbUgLhUIzx/vINIsvtK61HjbUWWoyR1GrSTZ6swnyLX.docx	S, esta opcin es correcta por que s	Cuando vas al cyber a que te saquen copia, entra los datos para que despus s...
43	Completa	selecciona la imagen acorde y complete	https://fyc.uteq.edu.ec:9549/api/files/EQnByY3S4e7H4Fg/knjaN0aCQ0fDcCb/8WVd6Ch9Zw73k2O7IuzBJ0UGaJ4ZG2Lj.mp4	t	10	A	11	2	4	https://fyc.uteq.edu.ec:9549/api/files/EQnByY3S4e7H4Fg/RKLAv2B5Cthk8Yy/QzlpyarKgoIUDa0UR0JdCxpANDNH6VBd.mp4	https://fyc.uteq.edu.ec:9549/api/files/R0BDS4ixyAqvSUv/Czc3IJbUgLhUIzx/vINIsvtK61HjbUWWoyR1GrSTZ6swnyLX.docx	El teclado 	Existe una santa llamada Santa Tecla
34	Analizar	El computador sirve para:	https://fyc.uteq.edu.ec:9549/api/files/EQnByY3S4e7H4Fg/gwFyedSaHzGsa4j/QpjYHzzyVJaD2HnrD5PhIQStwzaeIRrQ.mp4	f	0	A	11	1	2	https://fyc.uteq.edu.ec:9549/api/files/EQnByY3S4e7H4Fg/TPnnDRDnid2PhWc/XGR0AAoiVLQMLLy3fqtSRdlDw8xVxf6l.mp4		S, esta opcin es correcta por que s	Con lo que se redact este mensaje
42	Memoria	El monitor procesa la informacin		f	10	A	11	2	1			CPU	El monitor sirve para visualizar
32	Analizar	El teclado es un dispositivo de:		t	10	A	11	1	2		https://fyc.uteq.edu.ec:9549/api/files/R0BDS4ixyAqvSUv/Czc3IJbUgLhUIzx/vINIsvtK61HjbUWWoyR1GrSTZ6swnyLX.docx	S, esta opcin es correcta por que s	Con lo que se escribi esta pregunta, es decir los datos en...
18	Conocimiento	En que ao NO se invent la computadora	https://fyc.uteq.edu.ec:9549/api/files/EQnByY3S4e7H4Fg/DFOcBRVHBHAgMkc/NyUZYw5NaKYQijV8gKpW0paR4CoXUS2O.mp4	f	0	A	2	5	3		https://fyc.uteq.edu.ec:9549/api/files/archivos/eJBzVX9CprMX9K6/hoQDoUpftwO8e5OOjHcACPtxrUid1ODr.pdf	S, esta opcin es correcta por que s	Estoy seguro que no estabas vivo
44	Analizar	El software NO es la parte tangible de la computadora	https://fyc.uteq.edu.ec:9549/api/files/EQnByY3S4e7H4Fg/gwFyedSaHzGsa4j/QpjYHzzyVJaD2HnrD5PhIQStwzaeIRrQ.mp4	t	10	A	11	4	1			El software son las aplicaciones	Esta aplicacin es un software por ende no se puede....
45	Armar palabra	Complete el nombre que pertenece a la imagen mostrada		t	10	A	1	5	7		https://fyc.uteq.edu.ec:9549/api/files/EQnByY3S4e7H4Fg/mauwdytC026LRs3/hqg2wbp9GXb4c2A7SOs0RIX0e2xEBKKb.jpg	El teclado 	Existe una santa llamada Santa Tecla
46	Armar palabra	Complete el nombre que pertenece a la imagen mostrada		t	10	A	11	5	7		https://fyc.uteq.edu.ec:9549/api/files/EQnByY3S4e7H4Fg/mauwdytC026LRs3/hqg2wbp9GXb4c2A7SOs0RIX0e2xEBKKb.jpg	El teclado 	Existe una santa llamada Santa Tecla
47	Armar palabra	Complete el nombre que pertenece a la imagen mostrada		t	10	A	2	5	7		https://fyc.uteq.edu.ec:9549/api/files/EQnByY3S4e7H4Fg/mauwdytC026LRs3/hqg2wbp9GXb4c2A7SOs0RIX0e2xEBKKb.jpg	El teclado 	Existe una santa llamada Santa Tecla
48	Destreza	Arme la figura segn corresponda		t	10	A	1	3	6			El mouse es un elemento indispensable del computador	No todo est en su lugar
49	Destreza	Arme la figura segn corresponda		t	10	A	2	3	6			El mouse es un elemento indispensable del computador	No todo est en su lugar
50	Destreza	Arme la figura segn corresponda		t	10	A	11	3	6			El mouse es un elemento indispensable del computador	No todo est en su lugar
39	Identificar	Seleccione la imagen que crea corresponda a un CPU	https://fyc.uteq.edu.ec:9549/api/files/EQnByY3S4e7H4Fg/DFOcBRVHBHAgMkc/NyUZYw5NaKYQijV8gKpW0paR4CoXUS2O.mp4	f	0	A	11	1	2			S, esta opcin es correcta por que s	Mira dos veces
27	Memoria	El monitor procesa la informacin		f	10	A	1	2	1			CPU	El monitor sirve para visualizar
33	Conocimiento	En que ao NO se invent la computadora		t	30	A	11	5	3		https://fyc.uteq.edu.ec:9549/api/files/R0BDS4ixyAqvSUv/Czc3IJbUgLhUIzx/vINIsvtK61HjbUWWoyR1GrSTZ6swnyLX.docx	S, esta opcin es correcta por que s	Apuesto que no estabas vivo
53	Destreza	Ensamble la figura segn corresponda		t	10	A	11	4	6			El mouse es un elemento indispensable del computador	No todo est en su lugar
52	Destreza	Ensamble la figura segn corresponda		t	10	A	2	4	6			El mouse es un elemento indispensable del computador	No todo est en su lugar
10	Relacionar	Relacione el nombre con su descripcin grfica	https://fyc.uteq.edu.ec:9549/api/files/EQnByY3S4e7H4Fg/RKLAv2B5Cthk8Yy/QzlpyarKgoIUDa0UR0JdCxpANDNH6VBd.mp4	t	40	A	1	3	5	https://fyc.uteq.edu.ec:9549/api/files/EQnByY3S4e7H4Fg/knjaN0aCQ0fDcCb/8WVd6Ch9Zw73k2O7IuzBJ0UGaJ4ZG2Lj.mp4	https://fyc.uteq.edu.ec:9549/api/files/R0BDS4ixyAqvSUv/Czc3IJbUgLhUIzx/vINIsvtK61HjbUWWoyR1GrSTZ6swnyLX.docx	S, esta opcin es correcta por que s	
12	Analizar	Relacione para que sirve		t	40	A	1	3	5		https://fyc.uteq.edu.ec:9549/api/files/archivos/eJBzVX9CprMX9K6/hoQDoUpftwO8e5OOjHcACPtxrUid1ODr.pdf	S, esta opcin es correcta por que s	
19	Identificar	Seleccione la imagen que crea corresponda a un mouse		f	0	A	2	2	3	https://fyc.uteq.edu.ec:9549/api/files/EQnByY3S4e7H4Fg/DFOcBRVHBHAgMkc/NyUZYw5NaKYQijV8gKpW0paR4CoXUS2O.mp4		S, esta opcin es correcta por que s	
11	Complete	Complete las palabras que faltan		t	20	A	1	4	4		https://fyc.uteq.edu.ec:9549/api/files/archivos/eJBzVX9CprMX9K6/hoQDoUpftwO8e5OOjHcACPtxrUid1ODr.pdf	S, esta opcin es correcta por que s	
8	Identificar	Seleccione la imagen que crea corresponda a un mouse	https://fyc.uteq.edu.ec:9549/api/files/EQnByY3S4e7H4Fg/D3JYGDeLa0mekT7/gHlND2phY5GkT1CnjLEBkzPPwx8dUPUq.mp4	t	10	A	1	2	3	https://fyc.uteq.edu.ec:9549/api/files/EQnByY3S4e7H4Fg/DFOcBRVHBHAgMkc/NyUZYw5NaKYQijV8gKpW0paR4CoXUS2O.mp4	https://fyc.uteq.edu.ec:9549/api/files/archivos/eJBzVX9CprMX9K6/hoQDoUpftwO8e5OOjHcACPtxrUid1ODr.pdf	S, esta opcin es correcta por que s	
22	Complete	Complete las palabras que faltan		f	0	A	2	4	4			S, esta opcin es correcta por que s	
23	Analizar	Relacione para que sirve		f	0	A	2	3	5	https://fyc.uteq.edu.ec:9549/api/files/EQnByY3S4e7H4Fg/knjaN0aCQ0fDcCb/8WVd6Ch9Zw73k2O7IuzBJ0UGaJ4ZG2Lj.mp4		S, esta opcin es correcta por que s	
17	Analizar	El monitor y la impresora son dispositivos:	https://fyc.uteq.edu.ec:9549/api/files/EQnByY3S4e7H4Fg/tTEzSGNxmX6d1rD/aPVGei7LU9svbf7zny59A5FHcnK1Bum8.mp4	f	0	A	2	2	2	https://fyc.uteq.edu.ec:9549/api/files/EQnByY3S4e7H4Fg/D3JYGDeLa0mekT7/gHlND2phY5GkT1CnjLEBkzPPwx8dUPUq.mp4	https://fyc.uteq.edu.ec:9549/api/files/R0BDS4ixyAqvSUv/Czc3IJbUgLhUIzx/vINIsvtK61HjbUWWoyR1GrSTZ6swnyLX.docx	S, esta opcin es correcta por que s	
15	Analizar	El computador sirve para:	https://fyc.uteq.edu.ec:9549/api/files/EQnByY3S4e7H4Fg/TPnnDRDnid2PhWc/XGR0AAoiVLQMLLy3fqtSRdlDw8xVxf6l.mp4	f	0	A	2	1	2	https://fyc.uteq.edu.ec:9549/api/files/EQnByY3S4e7H4Fg/RKLAv2B5Cthk8Yy/QzlpyarKgoIUDa0UR0JdCxpANDNH6VBd.mp4	https://fyc.uteq.edu.ec:9549/api/files/R0BDS4ixyAqvSUv/Czc3IJbUgLhUIzx/vINIsvtK61HjbUWWoyR1GrSTZ6swnyLX.docx	S, esta opcin es correcta por que s	
31	Analizar	Relacione para que sirve		t	40	A	11	3	5		https://fyc.uteq.edu.ec:9549/api/files/archivos/eJBzVX9CprMX9K6/hoQDoUpftwO8e5OOjHcACPtxrUid1ODr.pdf	S, esta opcin es correcta por que s	
20	Identificar	Seleccione la imagen que crea corresponda a un CPU	https://fyc.uteq.edu.ec:9549/api/files/EQnByY3S4e7H4Fg/knjaN0aCQ0fDcCb/8WVd6Ch9Zw73k2O7IuzBJ0UGaJ4ZG2Lj.mp4	f	0	A	2	1	2		https://fyc.uteq.edu.ec:9549/api/files/archivos/eJBzVX9CprMX9K6/hoQDoUpftwO8e5OOjHcACPtxrUid1ODr.pdf	S, esta opcin es correcta por que s	
38	Identificar	Seleccione la imagen que crea corresponda a un mouse	https://fyc.uteq.edu.ec:9549/api/files/EQnByY3S4e7H4Fg/D3JYGDeLa0mekT7/gHlND2phY5GkT1CnjLEBkzPPwx8dUPUq.mp4	t	10	A	11	2	3	https://fyc.uteq.edu.ec:9549/api/files/EQnByY3S4e7H4Fg/DFOcBRVHBHAgMkc/NyUZYw5NaKYQijV8gKpW0paR4CoXUS2O.mp4	https://fyc.uteq.edu.ec:9549/api/files/archivos/eJBzVX9CprMX9K6/hoQDoUpftwO8e5OOjHcACPtxrUid1ODr.pdf	S, esta opcin es correcta por que s	
36	Relacionar	Relacione el nombre con su descripcin grfica	https://fyc.uteq.edu.ec:9549/api/files/EQnByY3S4e7H4Fg/RKLAv2B5Cthk8Yy/QzlpyarKgoIUDa0UR0JdCxpANDNH6VBd.mp4	t	40	A	11	3	5	https://fyc.uteq.edu.ec:9549/api/files/EQnByY3S4e7H4Fg/knjaN0aCQ0fDcCb/8WVd6Ch9Zw73k2O7IuzBJ0UGaJ4ZG2Lj.mp4	https://fyc.uteq.edu.ec:9549/api/files/R0BDS4ixyAqvSUv/Czc3IJbUgLhUIzx/vINIsvtK61HjbUWWoyR1GrSTZ6swnyLX.docx	S, esta opcin es correcta por que s	
40	Complete	Complete las palabras que faltan		t	20	A	11	4	4		https://fyc.uteq.edu.ec:9549/api/files/archivos/eJBzVX9CprMX9K6/hoQDoUpftwO8e5OOjHcACPtxrUid1ODr.pdf	S, esta opcin es correcta por que s	
21	Relacionar	Relacione el nombre con su descripcin grfica	https://fyc.uteq.edu.ec:9549/api/files/EQnByY3S4e7H4Fg/D3JYGDeLa0mekT7/gHlND2phY5GkT1CnjLEBkzPPwx8dUPUq.mp4	f	0	A	2	3	5		https://fyc.uteq.edu.ec:9549/api/files/R0BDS4ixyAqvSUv/Czc3IJbUgLhUIzx/vINIsvtK61HjbUWWoyR1GrSTZ6swnyLX.docx	S, esta opcin es correcta por que s	
54	Concepto	Cul es el trmino usado para referirse a un conjunto de hardware, software, personal, etc. que trabajan de manera conjunta para un fin?		t	10	A	12	1	2				
55	Analizar	Son datos e informacin lo mismo?		t	10	A	12	1	2				
56	Conocimiento	Cul es el estndar adoptado internacionalmente \n\t\t\tpara crear diagramas y documentacin de desarrollo de software, \n\t\t\tespecialmente orientado al paradigma orientado a objetos?		t	10	A	12	3	2				
57	Conocimiento	Qu trmino se usa para referirse al conjunto de \n\t\t\telementos que interactan de alguna \n\t\t\tmanera con un fin concreto?		t	10	A	12	2	2				
58	Conocimiento	Los ngulos se miden grados, y estos a su vez pueden \n\t\t\tdescomponerse en minutos. A cuntos minutos equivale un grado?		t	10	A	12	2	2				
59	Conocimiento	Cules son las medidas de tendencia central usadas en estadstica?		t	10	A	12	3	2				
60	Analizar	A cuntos centmetros equivale un kilmetro?		t	10	A	12	3	2				
63	Conocimiento	Qu es HTML?		t	10	A	12	1	2				
62	Conocimiento	Cul es el nombre del software que permite crear y gestionar una base de datos?		t	10	A	12	1	2				
61	Conocimiento	Cul es el nombre del software que procesa peticiones http al servidor \n\t\t\tdando respuestas en lenguaje del lado del cliente?		t	10	A	12	3	2				
64	Conocimiento	Cul es el trmino usado para referirse a la combinacin de hardware, software, datos personal y procedimientos para facilitar la obtencin, gestin, manipulacin, anlisis, modelado, representacin y salida de datos espacialmente referenciados, para resolver problemas complejos de planificacin y gestin?		t	10	A	13	1	2				
\.


--
-- Data for Name: resources; Type: TABLE DATA; Schema: public; Owner: @dminvincul@cion2022
--

COPY public.resources (id_resource, name_resource, pathfile_resource, pathvideo_resource, pathurlsign_resource, datereg_resource, dateupdate_resource, state_resource, topics_id_topic, description_resource, pathurlremote_resource) FROM stdin;
7	Comandos			https://fyc.uteq.edu.ec:9549/api/files/archivos/1BBvKGmgzajvKSU/aTygzDoNATjky1wRaqy1bGIEbFqEHYBD.mp4	2022-08-15 17:48:36	2022-08-15 17:48:36	A	6	Para mejorar con los estudios	\N
1	Conceptos de teclado		https://fyc.uteq.edu.ec:9549/api/files/EQnByY3S4e7H4Fg/I8gzsXl42Nle539/qrbEQy3RxUckw3HOemnYCw9ANFNTP5bD.mp4	https://fyc.uteq.edu.ec:9549/api/files/EQnByY3S4e7H4Fg/fANc06zGRDUSDbS/RiThOp8NMzIkBz4jEM7SJNZDOgJysoXP.mp4	2022-08-12 02:26:20	2022-08-12 02:26:25	A	1	Para no dejarse ganar en los estudios	\N
3	Conceptos de CPU	https://fyc.uteq.edu.ec:9549/api/files/R0BDS4ixyAqvSUv/YKRuJgZpis2g7wN/YqyaC8YJ0t4GWBi7RaFQFGKaIUDRowZr.pdf	https://fyc.uteq.edu.ec:9549/api/files/EQnByY3S4e7H4Fg/I8gzsXl42Nle539/qrbEQy3RxUckw3HOemnYCw9ANFNTP5bD.mp4	https://fyc.uteq.edu.ec:9549/api/files/EQnByY3S4e7H4Fg/fANc06zGRDUSDbS/RiThOp8NMzIkBz4jEM7SJNZDOgJysoXP.mp4	2022-08-12 02:26:22	2022-08-12 02:26:27	A	1	Para incentivar los estudios	https://www.youtube.com/watch?v=sZvYPC-Xh1g
5	Conceptos de audfonos	https://fyc.uteq.edu.ec:9549/api/files/R0BDS4ixyAqvSUv/YKRuJgZpis2g7wN/YqyaC8YJ0t4GWBi7RaFQFGKaIUDRowZr.pdf	https://fyc.uteq.edu.ec:9549/api/files/EQnByY3S4e7H4Fg/I8gzsXl42Nle539/qrbEQy3RxUckw3HOemnYCw9ANFNTP5bD.mp4	https://fyc.uteq.edu.ec:9549/api/files/EQnByY3S4e7H4Fg/fANc06zGRDUSDbS/RiThOp8NMzIkBz4jEM7SJNZDOgJysoXP.mp4	2022-08-12 02:26:24	2022-08-12 02:26:29	A	1	Para sobresalir con los estudios	https://www.youtube.com/watch?v=sZvYPC-Xh1g
26	Partes de la computadora		https://fyc.uteq.edu.ec:9549/api/files/EQnByY3S4e7H4Fg/I8gzsXl42Nle539/qrbEQy3RxUckw3HOemnYCw9ANFNTP5bD.mp4	https://fyc.uteq.edu.ec:9549/api/files/archivos/yLHc48rDMSE8yjL/LBZhkfB9eEhqJYq5Jh6b7MTpTKMTjaFp.mp4	2022-08-18 14:06:20	2022-08-18 14:06:20	A	1	u	https://www.revealedrecordings.com/releases/revealed-progressive-arps-vol-2?parent=dl_5f82bec51fc9af3339556b8b
51	Prctica 2	https://fyc.uteq.edu.ec:9549/api/files/archivos/Cq9IHZaJL52JOtK/75rGizkuJiZMJdy8NRFxcHoQF4yJvUzN.pdf			2022-08-23 01:34:40	2022-08-23 01:34:40	A	38	P2 VISUALIZAR ENTIDADES CON CATEGORAS Y CANTIDADES	
27	Secciones de la computadora	https://fyc.uteq.edu.ec:9549/api/files/archivos/0ey0NJxI5ijOg9B/HyG6OtY3sdhLEMaL48ZcDtIc0CZL5kWc.pdf	https://fyc.uteq.edu.ec:9549/api/files/EQnByY3S4e7H4Fg/I8gzsXl42Nle539/qrbEQy3RxUckw3HOemnYCw9ANFNTP5bD.mp4	https://fyc.uteq.edu.ec:9549/api/files/archivos/zdEMXrEK5SSwGR7/sprBs3JnkNayWMcfdqGUePHoLuKZhloV.mp4	2022-08-18 14:06:39	2022-08-18 14:06:39	A	1	h	https://www.revealedrecordings.com/releases/revealed-progressive-arps-vol-2?parent=dl_5f82bec51fc9af3339556b8b
6	Conceptop webcam	https://fyc.uteq.edu.ec:9549/api/files/archivos/eJBzVX9CprMX9K6/hoQDoUpftwO8e5OOjHcACPtxrUid1ODr.pdf			2022-08-15 11:28:25	2022-08-15 11:28:25	A	1	Para continuar con los estudios	https://www.youtube.com/watch?v=sZvYPC-Xh1g
8	Conceptos Audfonos	https://fyc.uteq.edu.ec:9549/api/files/archivos/O6mA5qLhCbxhhAB/J4xWyoBInPZi3MY9bzF65mGQtdPcaawd.pdf			2022-08-15 17:58:07	2022-08-15 17:58:07	A	1	Para Fomentar con los estudios	https://www.youtube.com/watch?v=sZvYPC-Xh1g
4	Conceptos de monitor	https://fyc.uteq.edu.ec:9549/api/files/R0BDS4ixyAqvSUv/Czc3IJbUgLhUIzx/vINIsvtK61HjbUWWoyR1GrSTZ6swnyLX.docx	https://fyc.uteq.edu.ec:9549/api/files/EQnByY3S4e7H4Fg/I8gzsXl42Nle539/qrbEQy3RxUckw3HOemnYCw9ANFNTP5bD.mp4		2022-08-12 02:26:23	2022-08-12 02:26:28	A	1	Para estudiar	\N
2	Conceptos de mouse	https://fyc.uteq.edu.ec:9549/api/files/R0BDS4ixyAqvSUv/Czc3IJbUgLhUIzx/vINIsvtK61HjbUWWoyR1GrSTZ6swnyLX.docx		https://fyc.uteq.edu.ec:9549/api/files/EQnByY3S4e7H4Fg/fANc06zGRDUSDbS/RiThOp8NMzIkBz4jEM7SJNZDOgJysoXP.mp4	2022-08-12 02:26:21	2022-08-12 02:26:26	A	1	Para aprender mas	\N
42	Simbologa		https://fyc.uteq.edu.ec:9549/api/files/archivos/4EZXPDAInRqx0T7/jptp8qD9yLBagyaBGywj8DZgOdsoBILZ.mp4		2022-08-23 01:15:20	2022-08-23 01:15:20	A	33	 	
28	Regiones de la computadora	https://fyc.uteq.edu.ec:9549/api/files/archivos/empsL56X4IN8J5R/wMOP4GZHyc4hb9LlvvjrausgGIS5CsIi.pdf	https://fyc.uteq.edu.ec:9549/api/files/EQnByY3S4e7H4Fg/I8gzsXl42Nle539/qrbEQy3RxUckw3HOemnYCw9ANFNTP5bD.mp4		2022-08-18 14:07:37	2022-08-18 14:07:37	A	1	k	https://www.revealedrecordings.com/releases/revealed-progressive-arps-vol-2?parent=dl_5f82bec51fc9af3339556b8b
29	video youtube				2022-08-18 19:41:55	2022-08-18 19:41:55	A	1	prueba con el video de youtube	https://www.youtube.com/watch?v=hp26OUw-SpI
30	autorizacion	https://fyc.uteq.edu.ec:9549/api/files/archivos/5XYjJugqFVgWLCs/JavQKjXeQGqLzyZ6qGG8fY1zKm7Mpr6w.docx			2022-08-18 20:00:39	2022-08-18 20:00:39	A	1	autorizacion	
31	Presentacin del curso		https://fyc.uteq.edu.ec:9549/api/files/archivos/JrcIhVkNkh3GpVd/8itCNyNI06Qrz3DgCQiu1akEhmpLycbc.mp4		2022-08-23 00:36:21	2022-08-23 00:36:21	A	29	 	
32	Definicin	https://fyc.uteq.edu.ec:9549/api/files/R0BDS4ixyAqvSUv/biAMN20E8GuUCyg/v0VF59Z5jvV6Fg49gqVwZ2pkv935KiOO.pdf	https://fyc.uteq.edu.ec:9549/api/files/archivos/JtOt3A5D8TZMgf4/AKXC6oKAgCYX78w7icF9lTNNYaCIaha9.mp4		2022-08-23 00:37:48	2022-08-23 00:37:48	A	29	SIG 1.1 DEFINICION	
33	ORGANIZACIN DE INFORMACIN	https://fyc.uteq.edu.ec:9549/api/files/R0BDS4ixyAqvSUv/loK21KdFhNFHTJb/vc9awrG3yvgwWXCBQwQxuUB6KL1KUBe1.pdf	https://fyc.uteq.edu.ec:9549/api/files/archivos/5NetFW1kTeMHw8A/U4MNVakBjFomAjME43Bh9bPHZDXbmRVD.mp4		2022-08-23 00:43:25	2022-08-23 00:43:25	A	30	1.2 ORGANIZACIONINFORMACION	
34	Modelos	https://fyc.uteq.edu.ec:9549/api/files/archivos/2OP60uaPS6aFG44/VWYScqWa33q24UJfOmRhaymLUKBuahAo.pdf	https://fyc.uteq.edu.ec:9549/api/files/archivos/7CBKpMD2uPu9QE3/Sr8XaTyDRxc8gSZcISGFUrWaICswfa49.mp4		2022-08-23 00:45:45	2022-08-23 00:45:45	A	30	Modelos datos	
36	Aplicaciones de los SIG	https://fyc.uteq.edu.ec:9549/api/files/archivos/LGshjq5KcXIS8jk/8qDIgkHQE4BSfN5FCDVAegDxClskjvxI.pdf	https://fyc.uteq.edu.ec:9549/api/files/archivos/FvAiG3nYQ5a6Jm2/rpGj1MgV8Jfo5dxwkjlEWD6bxAS72iDx.mp4		2022-08-23 00:51:52	2022-08-23 00:51:52	A	31	 	https://www.youtube.com/watch?v=C_mWl4-xJwc
35	Ejemplo de Usos	https://fyc.uteq.edu.ec:9549/api/files/archivos/HGlBYB0tVhABqxU/qkCZWDtTbjDdbdoMCWqz3Z6xhp3HpNv3.pdf	https://fyc.uteq.edu.ec:9549/api/files/archivos/axEUx0ob5IHeLk2/domkgcGPivE9dpHH0ffTB6w13EPEi1CB.mp4		2022-08-23 00:49:47	2022-08-23 00:49:47	A	31	 	https://www.youtube.com/watch?v=B0YtxZthRnQ
37	Software SIG		https://fyc.uteq.edu.ec:9549/api/files/archivos/HvvCCr93Cut1HYI/cKVinubHpnXj6Jy1c8rBiPL117BV2Gn5.mp4		2022-08-23 00:55:52	2022-08-23 00:55:52	A	32	 	
38	Qu es ARCGIS?	https://fyc.uteq.edu.ec:9549/api/files/archivos/wPsqMQPgj5wxeOO/AdbXmszWSsEtPOZ7VamdvXULdv3mIj21.pdf			2022-08-23 00:56:51	2022-08-23 00:56:51	A	32	 	https://www.youtube.com/watch?v=qc4gZfBvwQk
40	Datos Ejercicios/Prcticas	https://fyc.uteq.edu.ec:9549/api/files/R0BDS4ixyAqvSUv/mKpQ9fkgpTQKpTA/CUk3Fw8g24QlWvmiUWTBrnL9uTbR7v0k.zip			2022-08-23 01:10:50	2022-08-23 01:10:50	A	33	Primero deben descomprimir el archivo porque no permite subir el .exe. Luego los dems pasos explicados.	
41	Mapas y tipos de mapas		https://fyc.uteq.edu.ec:9549/api/files/archivos/alOXDmdCy5nWHaF/eaq7aYAkHoxrJN0Fdt6DHjG1ReNbLR4t.mp4		2022-08-23 01:14:04	2022-08-23 01:14:04	A	33	 	
44	Cartografa	https://fyc.uteq.edu.ec:9549/api/files/archivos/g7hISuFIbBFtGi6/UdVxurC1eRpjLF6p80GdxrNQqKRR1ux1.pdf			2022-08-23 01:17:49	2022-08-23 01:17:49	A	33	 	https://www.youtube.com/watch?v=PD4EX8TkunA
43	Clasificacin		https://fyc.uteq.edu.ec:9549/api/files/archivos/UaDhf4LXYonNCCT/g78BpJIm9BFJMcHcGNdA50y0EmlV3Fsw.mp4		2022-08-23 01:16:16	2022-08-23 01:16:16	A	33	 	
45	Datos Ecuador	https://fyc.uteq.edu.ec:9549/api/files/archivos/25tMKVfwp1Fexvn/IbnrYXiVcKncDlLWNtsh5CyuEb03Ss3G.zip			2022-08-23 01:22:23	2022-08-23 01:22:23	A	33	 	
46	Prctica 1	https://fyc.uteq.edu.ec:9549/api/files/archivos/EJk86tnDEWwwbRF/RuHV7H5489DgUdvI39Bmg1JPHOsQyZnh.pdf			2022-08-23 01:23:10	2022-08-23 01:23:10	A	33	P1 MOSTRAR Y ETIQUETAR ENTIDADES DEL MAPA	
47	Sistemas de coordenadas		https://fyc.uteq.edu.ec:9549/api/files/archivos/XblU9mgCJT9FBYC/mgmTYEBP0IZWlUQ8X8zRPGT75UJ2ZWDE.mp4		2022-08-23 01:27:04	2022-08-23 01:27:04	A	38	 	
48	Proyecciones	https://fyc.uteq.edu.ec:9549/api/files/R0BDS4ixyAqvSUv/dVkbqw6MeHkvYp0/1ZFSZqCwzBh6vs9zOR9QPBClKfFyWdai.pdf	https://fyc.uteq.edu.ec:9549/api/files/archivos/ye06t0GnNzYPm4a/fidFZdE042otcWWppnu9H3NgWpQrtAdT.mp4		2022-08-23 01:27:52	2022-08-23 01:27:52	A	38	 	
49	UTM		https://fyc.uteq.edu.ec:9549/api/files/archivos/K6IhlH4LVwqOo07/Q31k8FnXaumyisPPT8Y2LmDsls1pWg5p.mp4		2022-08-23 01:31:37	2022-08-23 01:31:37	A	38	Proyecciones UTM	
50	Escala		https://fyc.uteq.edu.ec:9549/api/files/archivos/Ki8rdXbEfqzx7d1/2gGF12U6WvsT96XCS62dp2HAkN87eYjA.mp4		2022-08-23 01:32:44	2022-08-23 01:32:44	A	38	Escala cartogrfica	
52	Prctica 3	https://fyc.uteq.edu.ec:9549/api/files/archivos/qX1h1dTXt3RtyGy/BQAc1HD0yyrQgldjWDnzZjYRtqyafbwY.pdf			2022-08-23 01:35:06	2022-08-23 01:35:06	A	38	P3 EXPLORAR LOS MTODOS DE CLASIFICACIN DE LOS DATOS	
53	Prctica 4	https://fyc.uteq.edu.ec:9549/api/files/archivos/r7CoWUM2FWSRPgo/oWRMK4b6l62hSYPx5otLattNiiMRh177.pdf			2022-08-23 01:39:29	2022-08-23 01:39:29	A	38	P4 VER Y MODIFICAR LA INFORMACIN DEL SISTEMA DE COORDENADAS	
54	Georeferenciacin		https://fyc.uteq.edu.ec:9549/api/files/archivos/XiRmDGJmnG31xv8/mruqwoIrsk0FvHvRYPAHOet74yCHq33q.mp4		2022-08-23 01:41:47	2022-08-23 01:41:47	A	39	 	
55	Creacin/Edicin	https://fyc.uteq.edu.ec:9549/api/files/archivos/w53wykG5F9jpYKe/Z6qdvnHYybye285jBJDka6IHgR7tKtQo.pdf	https://fyc.uteq.edu.ec:9549/api/files/archivos/51jXM6cBBGYoFDa/jDFJEEt5cKq274MLRifrG1IUHmMYalle.mp4		2022-08-23 01:45:31	2022-08-23 01:45:31	A	39	 	
56	Prctica 5	https://fyc.uteq.edu.ec:9549/api/files/archivos/EZKL1IFlS1wz4t5/Gv9nCbAL2mhJXyfCHrtc5nJLRon5C0Ef.pdf			2022-08-23 01:46:42	2022-08-23 01:46:42	A	39	P5 COMPARAR DIFERENTES PROYECCIONES DE MAPA	
57	Prctica 6	https://fyc.uteq.edu.ec:9549/api/files/archivos/lsQEUSWHrtvhLGo/pnxnw8obiAEcsDNe7tdpDy9lDh6xoqyd.pdf			2022-08-23 01:47:03	2022-08-23 01:47:03	A	39	P6 ACTUALIZAR LAS HUELLAS DE LOS EDIFICIOS	
58	Bases de datos espaciales	https://fyc.uteq.edu.ec:9549/api/files/archivos/HUAwa7ovSoG5ndc/LX75okeI6D4MOvKyFZNkByamZLCVLAg7.pdf	https://fyc.uteq.edu.ec:9549/api/files/archivos/x7HBCK3ba1JKOgd/gwiweT1b2B0mzMVzC5x2NWV7BAs24IUE.mp4		2022-08-23 01:50:36	2022-08-23 01:50:36	A	40	 	
59	Prctica 7	https://fyc.uteq.edu.ec:9549/api/files/archivos/gBkjkQieriIXYDC/EQDwRqNRFBGjPNpz7MXUSOBtej5uZP0r.pdf			2022-08-23 01:51:29	2022-08-23 01:51:29	A	40	P7 EDITAR LOS ATRIBUTOS DE LAS ENTIDADES	
60	test para britus	https://fyc.uteq.edu.ec:9549/api/files/archivos/okXX8kG2AfBVbWu/RDSkCkXmZggoBi1wZtBEKxD3X8UCnHti.pdf			2022-08-24 15:57:31	2022-08-24 15:57:31	A	1	descripcion para test de britus	
61	test para que britus crea			https://fyc.uteq.edu.ec:9549/api/files/archivos/TUU7rU7brgxebOL/9fIvVFRYRCOWo0p3j6otTPePZt4GIjdW.mp4	2022-08-24 15:59:59	2022-08-24 15:59:59	A	1	que tiro britus	https://www.youtube.com/watch?v=yRUhLmsEhHo&t=112s
62	a	https://fyc.uteq.edu.ec:9549/api/files/archivos/lgjZYKUJUED68Ui/fArKyFJoFqJZiH9bCSByWzrdj4cF0Y7y.pdf			2022-08-24 16:01:18	2022-08-24 16:01:18	A	1	a	
63	test	https://fyc.uteq.edu.ec:9549/api/files/archivos/1R2kxvXUCyh1DwS/HBk3v6rR4yuvsahZLGcH0aqHszdZpDNs.pdf	https://fyc.uteq.edu.ec:9549/api/files/archivos/LyTHKbSTnC7uGbr/AKE64uoRWRwc7Gqo2tkUTZP4BU1Qxs8z.mp4	https://fyc.uteq.edu.ec:9549/api/files/archivos/HwjFCvzPpqdWdFK/w1QPIEpBgPlWY7ACpl53ehKqffdqbOKz.mp4	2022-08-24 16:19:20	2022-08-24 16:19:20	A	1	test britus 0 poderoso	https://www.youtube.com/watch?v=yRUhLmsEhHo&t=112s
64	Anlisis Espacial	https://fyc.uteq.edu.ec:9549/api/files/archivos/02GbSqwLQ8lk8Tc/yJFHHT29EN6YQY0ucN1CsNFYmhvAZGpH.pdf	https://fyc.uteq.edu.ec:9549/api/files/archivos/HKRrEprRnBVZrFX/TVB5p2o0HMzBHdCDrsCDj5EI9UCwy2XH.mp4		2022-08-25 20:00:38	2022-08-25 20:00:38	A	41	 	
65	Seleccin	https://fyc.uteq.edu.ec:9549/api/files/archivos/SNzOy9uTOG262jq/frpRSz31PLzZML9mDjRpWB28mjSwrzzj.pdf	https://fyc.uteq.edu.ec:9549/api/files/archivos/f7yVh71vptB3oDs/CaV036LUHKfLZO1hWu7GBtl7SbCnbFpC.mp4		2022-08-25 20:02:47	2022-08-25 20:02:47	A	41	 	
66	Geoprocesamiento		https://fyc.uteq.edu.ec:9549/api/files/archivos/fKGxesKjEaHqvCy/ETWu0cEV0u6vJ488tURTRvy5qLOTETFH.mp4		2022-08-26 03:11:40	2022-08-26 03:11:40	A	41	 	
67	Prctica 9	https://fyc.uteq.edu.ec:9549/api/files/archivos/sRwkOVqc8BD9tTF/FETDfiDMbhbnOlHk4SRFWtrgxRP8iUr0.pdf			2022-08-26 03:21:52	2022-08-26 03:21:52	A	41	 	
68	Presentacin de resultados		https://fyc.uteq.edu.ec:9549/api/files/archivos/lcR9D1omdKRZMWs/YtVbcrjjInIsodcqqS4e7sFHDjAQOjnO.mp4		2022-08-26 03:24:21	2022-08-26 03:24:21	A	43	 	
70	Prctica 10	https://fyc.uteq.edu.ec:9549/api/files/archivos/VkXTogIRL2zXkPM/towQYwSK2xshhY5dy3vOaEiB2PajRZxW.pdf			2022-08-26 03:26:07	2022-08-26 03:26:07	A	43	Geoprocesamiento en ArcGIS	
71	Prctica 10.2	https://fyc.uteq.edu.ec:9549/api/files/archivos/AaaRHyr9GxN1ogb/8DM3vcgLslqYadaVt7RQ78RnNXlNmDEV.pdf			2022-08-26 03:26:42	2022-08-26 03:26:42	A	43	Modificar diseo de un mapa	
69	Otras opciones		https://fyc.uteq.edu.ec:9549/api/files/archivos/Tv5jhUF5EntFV5x/x57SJjQ4B30Y44tVS1u1CPjH6KItuwjc.mp4		2022-08-26 03:24:50	2022-08-26 03:24:50	A	43	 	
72	Conceptos basicos	https://fyc.uteq.edu.ec:9549/api/files/archivos/IStBQiJ9o9D3Xm3/29UEp0eslc8DD2IHE9YHFFG44cxrEVEu.pdf	https://fyc.uteq.edu.ec:9549/api/files/archivos/BPHgVdMdDMIXEz5/WYQiNYY8VKuFymH9QCf0TBJJJJmpIJRJ.mp4		2022-08-26 04:29:04	2022-08-26 04:29:04	A	7	Recursos de conceptos bsicos de la computadora	
73	Partes de la computadora	https://fyc.uteq.edu.ec:9549/api/files/archivos/jSPh1tHFx9UNwnj/avJNrWV77nA7c4VRA8yiiSyPMisITYRT.pdf	https://fyc.uteq.edu.ec:9549/api/files/archivos/qHFN6NBV80vyR2u/W4dJw7BkGfjbta0hQ05eIwu69MthZi8W.mp4		2022-08-26 04:30:54	2022-08-26 04:30:54	A	7	Recursos de informacin sobre las partes de la computadora	
74	Historia de la computadora	https://fyc.uteq.edu.ec:9549/api/files/archivos/tEAfd8wp6p5qwjZ/eWZmKDiejvweaJJWfDk76przQ9TXdsCS.pdf	https://fyc.uteq.edu.ec:9549/api/files/archivos/w9okyTpGwHPSufI/kGavVNJBu7lfOiBasQTtN0DtXKbmwcOf.mp4		2022-08-26 04:32:53	2022-08-26 04:32:53	A	7	Recursos de la evolucin de las computadoras	
75	Qu es el hardware?	https://fyc.uteq.edu.ec:9549/api/files/archivos/4AU2MjtXr9TH6Fh/bLwFEdjBobVM7IY2eewgQsCCa87eKvOP.pdf	https://fyc.uteq.edu.ec:9549/api/files/archivos/NdeO4jcjZzNmhdo/WFR4hp1HA3aShqOw4HU9zMV9RqVIcMUq.mp4		2022-08-26 04:35:33	2022-08-26 04:35:33	A	8	Conceptos importantes del hardware	
76	Tipos de hardware	https://fyc.uteq.edu.ec:9549/api/files/archivos/SHeSqUd0AWoZja8/8w7XPGx5iMDuyHMtb90y9pLN3VCttPUQ.pdf	https://fyc.uteq.edu.ec:9549/api/files/archivos/wcrRrPS0OGyCPJn/r9zzVRBdXrZMCMxGI8yOAqAok9MLn8iY.mp4		2022-08-26 04:38:17	2022-08-26 04:38:17	A	8	Informacin sobre los tipos de hardware	
77	 Qu es el software ?	https://fyc.uteq.edu.ec:9549/api/files/archivos/8edUHI2OTkspTsE/q1FDAGoOul8yqNcIZgLVdqOrDWxjZX2r.pdf	https://fyc.uteq.edu.ec:9549/api/files/archivos/QRqF3j59Pyh5i6z/V14RKD8LmrTpeA0ZWe6ipsr6F19NeA1Y.mp4		2022-08-26 04:40:17	2022-08-26 04:40:17	A	9	Conceptos bsicos del software	
78	Tipos de sofware	https://fyc.uteq.edu.ec:9549/api/files/archivos/aZdFRzXcDAOBLRG/j5xnDLcXSl9tcnzaOSHPBkltwzfb17ee.pdf	https://fyc.uteq.edu.ec:9549/api/files/archivos/BbHdtUtOkdGyMhK/8nCWXhq2dLY1kfHRgGWnjn3P3vE9vzbv.mp4		2022-08-26 04:41:23	2022-08-26 04:41:23	A	9	Informacin sobre los tipos de software	
\.


--
-- Data for Name: settings; Type: TABLE DATA; Schema: public; Owner: @dminvincul@cion2022
--

COPY public.settings (id_setting, datereg_setting, dateupdate_setting, setting_configuration, persons_id_person) FROM stdin;
\.


--
-- Data for Name: syllabus; Type: TABLE DATA; Schema: public; Owner: @dminvincul@cion2022
--

COPY public.syllabus (id_syllabu, name_syllabu, description_syllabu, keywords_syllabu, pathimg_syllabus, datereg_syllabu, dateupdate_syllabu, state_syllabu, courses_id_course) FROM stdin;
21	Anlisis espacial	Aplicar herramientas de geoprocesamiento para responder preguntas de ndole geogrfico	SIG	https://fyc.uteq.edu.ec:9549/api/files/archivos/LiGUs1EczgFBtVF/S3rhtPmUhYfQFTegli3V1y76KFZlNyRn.png	2022-08-22 23:10:59	2022-08-22 23:10:59	A	30
22	Infraestructuras de datos espaciales (IDE)	Utilizar herramientas de tipo software libre que permiten la publicacin de informacin geogrfica en la Web.\n	SIG	https://fyc.uteq.edu.ec:9549/api/files/archivos/M6n4vChmB8GT9To/ClkPwwadsKuZNLnfcr8YifMJPilqUWuy.jpg	2022-08-22 23:11:28	2022-08-22 23:11:28	A	30
20	Trabajando con datos espaciales	Gestionar datos espaciales propios y obtenidos de otras fuentes de generacin de informacin geogrfica.	SIG	https://fyc.uteq.edu.ec:9549/api/files/archivos/Fq5FEo9kFWP6fTj/mZQ4KPnokMaQEofxGyo7Uh4ET6UekR7W.webp	2022-08-22 23:10:11	2022-08-22 23:10:11	A	30
19	Introduccin a los SIG	Explicar conceptos bsicos y aplicaciones de los SIG	SIG	https://fyc.uteq.edu.ec:9549/api/files/archivos/qI58fkImF3wEBmU/jNTPCa4qVJRyw6MdZtpyvE6Wbh13FHwa.png	2022-08-22 23:07:41	2022-08-22 23:07:41	A	30
8	BitCoin	BitCoin	bitcoin	https://fyc.uteq.edu.ec:9549/api/files/R0BDS4ixyAqvSUv/3nEg5eYxuJ4nF3S/Jx2AS4XhkPr9O5pXt5jxeUFuYZy0qBWL.png	2022-08-11 20:37:51	2022-08-11 20:37:53	A	10
1	Qu es una computadora?	En este mdulo se busca dar a conocer los conceptops bsicos sobre la computadora	uso	https://fyc.uteq.edu.ec:9549/api/files/R0BDS4ixyAqvSUv/0iDGEM8YKQqmsp8/uCy4e0rgiz6UnjvHB794n1TWfCs0wi8q.jpeg	2022-07-21 20:48:18	2022-07-21 20:48:20	A	1
2	Como manejar una computadora?	En este mdulo se busca dar a conocer los conceptops bsicos sobre el manejo de la computadora	manejo	https://fyc.uteq.edu.ec:9549/api/files/R0BDS4ixyAqvSUv/22c977aFJ8pFGLS/cqYLyBdHKzC4HRke5Z4uD9QTW9rjkLd5.jpg	2022-08-05 13:18:18	2022-08-05 13:18:18	A	1
3	Partes de la computadora?	En este mdulo se busca dar a conocer los conceptops bsicos sobre las partes de la computadora	partes	https://fyc.uteq.edu.ec:9549/api/files/R0BDS4ixyAqvSUv/kpCEvSD3IoOy7eo/L6lzX1QuF2GWBWxka0pBj8HAA2ceUbHF.png	2022-08-05 13:51:18	2022-08-05 13:51:18	A	1
9	Arduino	A explotar arduinos	arduino, arduano	https://fyc.uteq.edu.ec:9549/api/files/archivos/ypHMpQ59ShiVQzO/gNwjvYzOhC3U3Bly23glKM6AZqLjTrSS.png	2022-08-13 13:01:56	2022-08-13 13:01:56	A	9
10	Programacin Orientada a Objetos	POO	poo	https://fyc.uteq.edu.ec:9549/api/files/archivos/XpkGCVA7MORid6l/mW95ywc1rUonoerMVG4SXrOdvH74e9jO.png	2022-08-14 01:23:40	2022-08-14 01:23:40	A	8
11	Git Hub	Git Hub	Git Hub	https://fyc.uteq.edu.ec:9549/api/files/archivos/I4iqPDEsMDGOmf0/GgX2PQ74IAkROp26BWZUkKCb0DHoqKeh.png	2022-08-15 17:47:27	2022-08-15 17:47:27	A	27
13	Qu es una computadora?	En este mdulo se aprender sobre los conceptops bsicos y fundamentales de la computadora, enfocndonos principalmente en el hadware y software	computadora, laptop	https://fyc.uteq.edu.ec:9549/api/files/archivos/stDMT6Mc5UpeleI/bsFgLQd81Bhf0PCOjGHA35PVuNvErJUd.png	2022-08-22 01:08:02	2022-08-22 01:08:02	A	28
14	Manejo del computador	Abordaremos desde como encender el computador, el manejo de componentes, hasta su apagado	manejo, computador, manejar, uso	https://fyc.uteq.edu.ec:9549/api/files/archivos/rlvqAUrBwssZYZs/AUnbtAGE1TEPkRitA2WuzEUKj5sYaA8r.png	2022-08-22 01:10:34	2022-08-22 01:10:34	A	28
15	Introduccin a Microsoft Windows	Aprenders sobre el manejo de las ventanas, la barra de desplazamiento y conocers acerca su escritorio	ventama, microsoft, windows	https://fyc.uteq.edu.ec:9549/api/files/archivos/ROiAdqHVjmOO1X2/BeKUIBN0OFCFJLU6IlYA4AWBpG8PTcCf.jpg	2022-08-22 01:12:41	2022-08-22 01:12:41	A	28
16	Uso de dispositivos de almacenamiento	Cuales son los dispostivos que podemos usar para almacenar informacin?	almacenamiento, dispositivos, cd, pendrive, sd, disco, memoria	https://fyc.uteq.edu.ec:9549/api/files/archivos/ZhqXs5CXiu82QIQ/dVF73V9zWayXji3NK58HTHUo1pcNpunT.jpg	2022-08-22 01:13:55	2022-08-22 01:13:55	A	28
17	Introduccin a paint	Conocer ms sobre paint, utilizando sus herramientas, para guardar	paint, microsoft	https://fyc.uteq.edu.ec:9549/api/files/archivos/J8zgRSPpyA0gSYp/9ghaLw1W3FMwZgS2mZJoCFanIuLmpYmb.jpg	2022-08-22 01:18:21	2022-08-22 01:18:21	A	28
18	Introduccin a internet	Veremos desde la deficin del internet, sus tipos y navegadores hasta la gestin de bsqueda.	internet, www	https://fyc.uteq.edu.ec:9549/api/files/archivos/alt3H5poxG7DFCp/MScqmvt6ib1xiAwxoRRCx9qKTXHemRT5.jpg	2022-08-22 01:19:51	2022-08-22 01:19:51	A	28
\.


--
-- Data for Name: topics; Type: TABLE DATA; Schema: public; Owner: @dminvincul@cion2022
--

COPY public.topics (id_topic, name_topic, description_topic, keywords_topic, pathimg_topic, datereg_topic, dateupdate_topic, state_topic, syllabus_id_syllabu) FROM stdin;
24	Guardar en paint	guardar en paint	microsoft	https://fyc.uteq.edu.ec:9549/api/files/archivos/lIT1E9CDCln7ET2/hoGpRhW7IWBwKhaJq3WzbR5tz2HQ6YCe.png	2022-08-22 01:56:42	2022-08-22 01:56:42	A	17
25	Definicin de Internet	Definicin de internet	www	https://fyc.uteq.edu.ec:9549/api/files/archivos/rkO7v9udW61JLJ6/ZWcKVo6kSO4E2aUeSVeP7xeaL3PilCY5.png	2022-08-22 02:07:40	2022-08-22 02:07:40	A	18
26	Definicin y tipos de navegadores	definicin y tipos de navegadores	navigators	https://fyc.uteq.edu.ec:9549/api/files/archivos/Yo9Wi4dlcLekdJG/kp9gSrHO8gDRyRtFnPdCyZHFm6cv2a2d.jpg	2022-08-22 02:08:28	2022-08-22 02:08:28	A	18
27	Partes de la ventana de un navegador	partes de la ventana de un navegador	google	https://fyc.uteq.edu.ec:9549/api/files/archivos/0S2Ta46uLDrXQwh/QQ510AvpKNyRPyTRuyR0srzQeRE3Bd1J.png	2022-08-22 02:08:55	2022-08-22 02:08:55	A	18
28	Gestin de bsqueda	gestin de bsqueda	google	https://fyc.uteq.edu.ec:9549/api/files/archivos/8OOjcd9EMnQjkmR/UQ7N8aestjtdEoUaivV4fsMWoMRfUGfx.png	2022-08-22 02:09:16	2022-08-22 02:09:16	A	18
29	Definicin, componentes y caractersticas	definicin, componentes y caractersticas	SIG	https://fyc.uteq.edu.ec:9549/api/files/archivos/0GPKYMYyRDU7rDZ/gr1DXCDsOReJt6HZg1Hu73UvK1B9H7MK.png	2022-08-22 23:34:39	2022-08-22 23:34:39	A	19
2	Conceptos avanzados	Descubramos juntos los conceptos super bsicos de la computadora	avanzado	https://fyc.uteq.edu.ec:9549/api/files/R0BDS4ixyAqvSUv/r5JooUqbN1q4aAg/UAylv3ciroEHDjHf9jhxOgV9ADNGrbFS.jpg	2022-08-05 14:27:53	2022-08-05 14:27:53	A	1
1	Conceptos bsicos	Descubramos juntos los conceptos ms bsicos de la computadora	basico	https://fyc.uteq.edu.ec:9549/api/files/R0BDS4ixyAqvSUv/N3NgR7Tort5KMZ7/fMdwcl90VhnvQl5igdHxZiuVNEDjtWCy.jpg	2022-07-21 20:49:53	2022-07-21 20:49:54	A	1
4	Componentes del arduino	Aprenders los conceptops y funcionamiento del arduino	componentes	https://fyc.uteq.edu.ec:9549/api/files/archivos/AdRVbdY6cpGgAEC/s6hrBrKfJGjIeDrAWxErPrlggngN64Ic.jpg	2022-08-13 13:06:12	2022-08-13 13:06:12	A	9
5	MVC	mvc	mvc	https://fyc.uteq.edu.ec:9549/api/files/archivos/KnRhgCMdm4iFvqs/h06jkfHJqGCwKwcPK4YqeSDCZHkN09JX.jpg	2022-08-14 01:25:47	2022-08-14 01:25:47	A	10
6	Comandos	Comandos	Comandos	https://fyc.uteq.edu.ec:9549/api/files/archivos/9Z0c3BRUXc2yyCF/gjnuShWTNHjsnqbVXUBFuMCk8FugsJ0l.png	2022-08-15 17:48:08	2022-08-15 17:48:08	A	11
7	Conceptos bsicos	conceptos bsicos	conceptos, bsicos	https://fyc.uteq.edu.ec:9549/api/files/archivos/DFjn4FM0ev77uZS/c04T3Y8XFdAgNsWt9CuKGLt6qBGR0DhZ.jpeg	2022-08-22 01:40:39	2022-08-22 01:40:39	A	13
8	Hardware	hardware	hardware	https://fyc.uteq.edu.ec:9549/api/files/archivos/TmOoffKLqsjDuE5/WywHYvNXcmPUOfOpHxytBCEgfmTX5ScQ.png	2022-08-22 01:41:04	2022-08-22 01:41:04	A	13
9	Software	software	software	https://fyc.uteq.edu.ec:9549/api/files/archivos/YIVxrvpIicIvmFk/6NoLPDcVeLGWRMmG7PBprX3LlIRdtTC2.png	2022-08-22 01:41:20	2022-08-22 01:41:20	A	13
10	Conociendo los puertos	conociendo los puertos	puertos, hdmi, vga, usb	https://fyc.uteq.edu.ec:9549/api/files/archivos/YilEc8XPeDL1cNE/BmvOkiFctBdYDwyUy6qPE9DmToey8uHM.png	2022-08-22 01:42:25	2022-08-22 01:42:25	A	14
11	Encendido	encendido	encendido, on	https://fyc.uteq.edu.ec:9549/api/files/archivos/G1aUtcA0tGoCFpH/S5y2kFwUBAjYReR52ZjUHHDzeOAYvxzY.png	2022-08-22 01:43:28	2022-08-22 01:43:28	A	14
12	Manejo del ratn	manejo del ratn	ratn, mouse	https://fyc.uteq.edu.ec:9549/api/files/archivos/9ApO1MpDSY9p61B/sTiO9rz8IByp8ULOm4v6JWXjSMTdqFWW.jpg	2022-08-22 01:43:52	2022-08-22 01:43:52	A	14
13	Manejo del teclado	manejo del teclado	teclado, teclado	https://fyc.uteq.edu.ec:9549/api/files/archivos/bZlKMVFIguodtdy/pov31pQyvYpAgZyEn6sCggTqTnifwMI9.png	2022-08-22 01:44:29	2022-08-22 01:44:29	A	14
14	Apagado del computador	apagado del computador	off, apagado	https://fyc.uteq.edu.ec:9549/api/files/archivos/hHqhVFuiZX1UYuu/bKmHTZs8jrAEVepD6Mr6SnFOFxlycAU6.png	2022-08-22 01:45:00	2022-08-22 01:45:00	A	14
15	Manejo de ventanas	manejo de ventanas	windows, ventanas	https://fyc.uteq.edu.ec:9549/api/files/archivos/WUBJu1uoB70DEsq/0dEe42CDltj16W7fCiY85Myk1OGApMKx.jpg	2022-08-22 01:49:24	2022-08-22 01:49:24	A	15
16	Barras de desplazamiento	barras de desplazamiento	desplazamiento, desplazar, scroll	https://fyc.uteq.edu.ec:9549/api/files/archivos/DJlz3CNIKLBsZ7Q/bMqd1TBd8J40tirC3fnZCL5i8NHwyNFt.jpg	2022-08-22 01:50:17	2022-08-22 01:50:17	A	15
17	Escritorio	escritorio	desk	https://fyc.uteq.edu.ec:9549/api/files/archivos/1rNNOBL0wJM5vJt/GQLYfq16GE41PtyNMboLc6QNDnIkEQaB.png	2022-08-22 01:50:54	2022-08-22 01:50:54	A	15
18	Introducir	introducir	meter, conectar	https://fyc.uteq.edu.ec:9549/api/files/archivos/bljkzaHvEC5v4VX/bwaW0P7lnaXTxL6gJha3B9EeqFDixLfR.jpg	2022-08-22 01:51:33	2022-08-22 01:51:33	A	16
19	Guardar	guardar	save	https://fyc.uteq.edu.ec:9549/api/files/archivos/9LXdNuxQp2x3aBm/6WfuVZVvzpKhbVhxIjv4uquc0iy6dgKV.jpg	2022-08-22 01:51:49	2022-08-22 01:51:49	A	16
20	Copiar	copiar	copy	https://fyc.uteq.edu.ec:9549/api/files/archivos/TrfSR6dBrS5Rya7/Dhz4yIUdnlnY1keizouOjxA7SLAu4zIX.png	2022-08-22 01:52:12	2022-08-22 01:52:12	A	16
21	Ingresando a Paint	ingresando a paint	paint, microsoft	https://fyc.uteq.edu.ec:9549/api/files/archivos/x5KCY6crkvnaNCZ/p1hCDjM9EWtR4koEZP8zFQJv4YJ6hPwM.png	2022-08-22 01:55:14	2022-08-22 01:55:14	A	17
22	Conociendo Paint	conociendo paint	microsoft	https://fyc.uteq.edu.ec:9549/api/files/archivos/D2EPTYavmxXRRtJ/Xx9fbQPakgGchrSXQ9BEGahlKrEMnsrV.png	2022-08-22 01:55:49	2022-08-22 01:55:49	A	17
23	Usando las herramientas de Paint	usando las herramientas de paint	microsoft	https://fyc.uteq.edu.ec:9549/api/files/archivos/vlOM1rdAQUDqvIO/0VeWuhAtwk8yknogRe6LZ9w5VqPgiiPY.webp	2022-08-22 01:56:21	2022-08-22 01:56:21	A	17
30	Organizacin de la informacin y Modelos de datos	organizacin de la informacin y Modelos de datos	SIG	https://fyc.uteq.edu.ec:9549/api/files/archivos/oUh0nihPoiV8szU/5y61bLD4DR941jNeLU4QEGNc4iNI8nFs.webp	2022-08-22 23:35:02	2022-08-22 23:35:02	A	19
31	Ejemplos de uso y Aplicaciones de SIG 	ejemplos de uso y Aplicaciones de SIG 	SIG	https://fyc.uteq.edu.ec:9549/api/files/archivos/nJPgkiaFh4Ev2U0/miua2pl24Xy0JZayFufDhZUEjoYg62Yg.png	2022-08-22 23:35:35	2022-08-22 23:35:35	A	19
32	Software SIG	software SIG	SIG	https://fyc.uteq.edu.ec:9549/api/files/archivos/X0lQyDjaVpsXcRg/l7thtxyAClsePP99TF1bqL9hy54KNdU8.jpg	2022-08-22 23:35:58	2022-08-22 23:35:58	A	19
33	Mapas, tipos de mapas, simbologa y clasificacin 	mapas, tipos de mapas, simbologa y clasificacin 	SIG	https://fyc.uteq.edu.ec:9549/api/files/archivos/vTdv72k4XpJhqbF/dbS4ys1lNRJr7impcvyxKfSNo9ZCxUnR.png	2022-08-22 23:40:07	2022-08-22 23:40:07	A	20
41	Seleccin por atributos, seleccin por localizacin y geoprocesamiento 	seleccin por atributos, seleccin por localizacin y geoprocesamiento 	SIG	https://fyc.uteq.edu.ec:9549/api/files/archivos/8FtQJEof880vhYm/QzmxquqqKHdmQPWfsZNDqGr3AU8x9E2L.png	2022-08-22 23:46:10	2022-08-22 23:46:10	A	21
42	Presentacin de resultados: diseo de mapas. 	presentacin de resultados: diseo de mapas. 	SIG	https://fyc.uteq.edu.ec:9549/api/files/archivos/8UB0CBRpLsahN0L/K4UIPX6ouDpL2lslqnseqBKt0ifa6hHJ.png	2022-08-22 23:46:27	2022-08-22 23:46:27	A	21
43	Aplicacin de anlisis espacial para la solucin de un problema 	estudio de caso: aplicacin de anlisis espacial para la solucin de un problema 	SIG	https://fyc.uteq.edu.ec:9549/api/files/archivos/rMuSrYEa5apio3D/r4az0Hoj8IxqXYYxaJdsEIDEx7wvWl01.png	2022-08-22 23:46:48	2022-08-22 23:46:48	A	21
44	Definiciones bsicas de una IDE y servidor de mapas 	definiciones bsicas de una IDE y servidor de mapas 	SIG	https://fyc.uteq.edu.ec:9549/api/files/R0BDS4ixyAqvSUv/uWA15sjW3Yq1gQJ/bDh5sQoFylkgNYSA9xRxvhLifE5cGneT.png	2022-08-22 23:55:00	2022-08-22 23:55:00	A	22
45	Diseo de archivos/herramientas e interfaz para la operacin del servidor	diseo de archivos/herramientas e interfaz para la operacin del servidor	SIG	https://fyc.uteq.edu.ec:9549/api/files/archivos/V3aISV9kJtoqwEh/Hh2QxwnssiAuOWZ5erGFADcSxHm8Qk9S.png	2022-08-23 00:11:38	2022-08-23 00:11:38	A	22
46	Geoportales, catlogo de datos, servicios web de mapas 	geoportales, catlogo de datos, servicios web de mapas 	SIG	https://fyc.uteq.edu.ec:9549/api/files/archivos/JA0OVDl2FubZrRL/32lPihJyQftTV5PnYFacvWw2dB7HOEXJ.png	2022-08-23 00:11:59	2022-08-23 00:11:59	A	22
47	Otras herramientas 	Google Maps - Mapbox	SIG	https://fyc.uteq.edu.ec:9549/api/files/archivos/vySlVIKZfVDTeTV/gbSaNNHLMB82a4UbUUyFYBGjTAsn8H8I.png	2022-08-23 00:13:36	2022-08-23 00:13:36	A	22
40	Base de datos espacial (GDB)	base de datos espacial (GDB)	SIG	https://fyc.uteq.edu.ec:9549/api/files/R0BDS4ixyAqvSUv/UcdXrtBeWFy5Xc4/1Xcs6tOtMdyDlZM7sL6srbpuwLIDYXhq.jpg	2022-08-22 23:43:27	2022-08-22 23:43:27	A	20
38	Sistemas de coordenadas, proyecciones sobre un plano, escala cartogrfica. 	sistemas de coordenadas, proyecciones sobre un plano, sistema UTM, escala cartogrfica. 	SIG	https://fyc.uteq.edu.ec:9549/api/files/R0BDS4ixyAqvSUv/SUTm23D0BPNtE6x/1UMtFqFawqpOFs1SOE6Jfy07OHwUc9kr.gif	2022-08-22 23:42:49	2022-08-22 23:42:49	A	20
39	Georeferencicin, puntos de control, creacin y edicin de datos	georeferencicin, puntos de control, creacin y edicin de datos. 	SIG	https://fyc.uteq.edu.ec:9549/api/files/R0BDS4ixyAqvSUv/cDiJWfoMT27cLiU/Hqn8OQKxRPcHa2Ysa1Cd15Nr19t3fblR.webp	2022-08-22 23:43:10	2022-08-22 23:43:10	A	20
\.


--
-- Data for Name: utils; Type: TABLE DATA; Schema: public; Owner: @dminvincul@cion2022
--

COPY public.utils (key_util, value_util) FROM stdin;
email	uteqinformacion@gmail.com
emailpass	I8tqIRK16zGgW6XgqSL0mZ4TVIssw9I/
splantilla	<div style="border-radius: 5px; width: 500px; height: 500px; border: 1px solid white; \n    background-image: url('https://res.cloudinary.com/bricex/image/upload/v1659652005/plantillas/virtusEmail.jpg')">\n        <div style="padding: 25px;font-size:13px;width:450px;margin-top:190px;">\n            <p style="font-family: 'consolas';">\n                Saludos ${paramnames}.\n                ${paramintro} en la aplicacin <a href="${hosturl}" target="_blank">${hostname}</a>\n            </p>\n    \n            <div style="margin-top: 45px;text-align: center; ">\n                <span style="text-align: center;background: #5E8F32;height: 20px; border-radius: 30px;padding: 10px 30px 10px 30px;font-size: 20px;\n                font-family: 'consolas';color:white; text-decoration: none;">\n                     <a href="${hosthackurl}" style="color:white; text-decoration: none;" target="_blank">Verificar cuenta</a>\n                </span>\n            </div>\n        </div>\n    </div>
splantilla2	<div style="border-radius: 5px; width: 500px; height: 500px; border: 1px solid white; \n    background-image: url('https://res.cloudinary.com/bricex/image/upload/v1659652005/plantillas/virtusEmail.jpg')">\n        <div style="padding: 25px;font-size:13px;width:450px;margin-top:190px;">\n            <p style="font-family: 'consolas';">\n                Saludos ${paramnames}.\n                ${paramintro} en la aplicacin <a href="${hosturl}" target="_blank">${hostname}</a>\n            </p>\n    \n            <div style="margin-top: 45px;text-align: center; ">\n                <span style="text-align: center;background: #5E8F32;height: 20px; border-radius: 30px;padding: 10px 30px 10px 30px;font-size: 20px;\n                font-family: 'consolas';color:white; text-decoration: none;">\n                     <a style="color:white; text-decoration: none;" >${paramcode}</a>\n                </span>\n            </div>\n        </div>\n    </div>
splantillaM	<div style="border-radius: 5px; width: 500px; height: 500px; border: 1px solid white; \n    background-image: url('https://res.cloudinary.com/bricex/image/upload/v1659652005/plantillas/virtusEmail.jpg')">\n        <div style="padding: 25px;font-size:13px;width:450px;margin-top:190px;">\n            <p style="font-family: 'consolas';">\n                Saludos ${paramnames}.\n                ${paramintro} en la aplicacin <a href="${hosturl}" target="_blank">${hostname}</a>\n            </p>\n    \n            <div style="margin-top: 45px;text-align: center; ">                \n                     ${parammessaging}              \n            </div>\n        </div>\n    </div>
urlaplication	https://fyc.uteq.edu.ec:9000
\.


--
-- Name: answers_id_answer_seq; Type: SEQUENCE SET; Schema: public; Owner: @dminvincul@cion2022
--

SELECT pg_catalog.setval('public.answers_id_answer_seq', 96, true);


--
-- Name: courses_id_course_seq; Type: SEQUENCE SET; Schema: public; Owner: @dminvincul@cion2022
--

SELECT pg_catalog.setval('public.courses_id_course_seq', 30, true);


--
-- Name: evaluation_question_category_id_evaluation_question_category_se; Type: SEQUENCE SET; Schema: public; Owner: @dminvincul@cion2022
--

SELECT pg_catalog.setval('public.evaluation_question_category_id_evaluation_question_category_se', 45, true);


--
-- Name: evaluations_id_evaluation_seq; Type: SEQUENCE SET; Schema: public; Owner: @dminvincul@cion2022
--

SELECT pg_catalog.setval('public.evaluations_id_evaluation_seq', 13, true);


--
-- Name: persons_courses_id_person_course_seq; Type: SEQUENCE SET; Schema: public; Owner: @dminvincul@cion2022
--

SELECT pg_catalog.setval('public.persons_courses_id_person_course_seq', 25, true);


--
-- Name: persons_evaluations_id_person_evaluation_seq; Type: SEQUENCE SET; Schema: public; Owner: @dminvincul@cion2022
--

SELECT pg_catalog.setval('public.persons_evaluations_id_person_evaluation_seq', 13, true);


--
-- Name: persons_id_person_seq; Type: SEQUENCE SET; Schema: public; Owner: @dminvincul@cion2022
--

SELECT pg_catalog.setval('public.persons_id_person_seq', 49, true);


--
-- Name: question_category_id_questioncategory_seq; Type: SEQUENCE SET; Schema: public; Owner: @dminvincul@cion2022
--

SELECT pg_catalog.setval('public.question_category_id_questioncategory_seq', 7, true);


--
-- Name: questions_id_question_seq; Type: SEQUENCE SET; Schema: public; Owner: @dminvincul@cion2022
--

SELECT pg_catalog.setval('public.questions_id_question_seq', 73, true);


--
-- Name: resources_id_resource_seq; Type: SEQUENCE SET; Schema: public; Owner: @dminvincul@cion2022
--

SELECT pg_catalog.setval('public.resources_id_resource_seq', 78, true);


--
-- Name: settings_id_setting_seq; Type: SEQUENCE SET; Schema: public; Owner: @dminvincul@cion2022
--

SELECT pg_catalog.setval('public.settings_id_setting_seq', 1, true);


--
-- Name: syllabus_id_syllabu_seq; Type: SEQUENCE SET; Schema: public; Owner: @dminvincul@cion2022
--

SELECT pg_catalog.setval('public.syllabus_id_syllabu_seq', 22, true);


--
-- Name: topics_id_topic_seq; Type: SEQUENCE SET; Schema: public; Owner: @dminvincul@cion2022
--

SELECT pg_catalog.setval('public.topics_id_topic_seq', 47, true);


--
-- Data for Name: BLOBS; Type: BLOBS; Schema: -; Owner: -
--

BEGIN;

SELECT pg_catalog.lo_open('76372', 131072);
SELECT pg_catalog.lowrite(0, '\x76616c6f72206465207072756562612e2e2e');
SELECT pg_catalog.lo_close(0);

SELECT pg_catalog.lo_open('76373', 131072);
SELECT pg_catalog.lowrite(0, '\x76616c6f72206465207072756562612e2e2e');
SELECT pg_catalog.lo_close(0);

COMMIT;

--
-- Name: answers answers_pk; Type: CONSTRAINT; Schema: public; Owner: @dminvincul@cion2022
--

ALTER TABLE ONLY public.answers
    ADD CONSTRAINT answers_pk PRIMARY KEY (id_answer);


--
-- Name: courses courses_pk; Type: CONSTRAINT; Schema: public; Owner: @dminvincul@cion2022
--

ALTER TABLE ONLY public.courses
    ADD CONSTRAINT courses_pk PRIMARY KEY (id_course);


--
-- Name: evaluation_question_category evaluation_question_category_pk; Type: CONSTRAINT; Schema: public; Owner: @dminvincul@cion2022
--

ALTER TABLE ONLY public.evaluation_question_category
    ADD CONSTRAINT evaluation_question_category_pk PRIMARY KEY (id_evaluation_question_category);


--
-- Name: evaluations evaluations_pk; Type: CONSTRAINT; Schema: public; Owner: @dminvincul@cion2022
--

ALTER TABLE ONLY public.evaluations
    ADD CONSTRAINT evaluations_pk PRIMARY KEY (id_evaluation);


--
-- Name: persons_courses persons_courses_pk; Type: CONSTRAINT; Schema: public; Owner: @dminvincul@cion2022
--

ALTER TABLE ONLY public.persons_courses
    ADD CONSTRAINT persons_courses_pk PRIMARY KEY (id_person_course);


--
-- Name: persons_evaluations persons_evaluations_pk; Type: CONSTRAINT; Schema: public; Owner: @dminvincul@cion2022
--

ALTER TABLE ONLY public.persons_evaluations
    ADD CONSTRAINT persons_evaluations_pk PRIMARY KEY (id_person_evaluation, evaluations_id_evaluation);


--
-- Name: persons persons_pk; Type: CONSTRAINT; Schema: public; Owner: @dminvincul@cion2022
--

ALTER TABLE ONLY public.persons
    ADD CONSTRAINT persons_pk PRIMARY KEY (id_person);


--
-- Name: question_category question_category_pk; Type: CONSTRAINT; Schema: public; Owner: @dminvincul@cion2022
--

ALTER TABLE ONLY public.question_category
    ADD CONSTRAINT question_category_pk PRIMARY KEY (id_questioncategory);


--
-- Name: questions questions_pk; Type: CONSTRAINT; Schema: public; Owner: @dminvincul@cion2022
--

ALTER TABLE ONLY public.questions
    ADD CONSTRAINT questions_pk PRIMARY KEY (id_question);


--
-- Name: resources resources_pk; Type: CONSTRAINT; Schema: public; Owner: @dminvincul@cion2022
--

ALTER TABLE ONLY public.resources
    ADD CONSTRAINT resources_pk PRIMARY KEY (id_resource);


--
-- Name: settings settings_pk; Type: CONSTRAINT; Schema: public; Owner: @dminvincul@cion2022
--

ALTER TABLE ONLY public.settings
    ADD CONSTRAINT settings_pk PRIMARY KEY (id_setting);


--
-- Name: syllabus syllabus_pk; Type: CONSTRAINT; Schema: public; Owner: @dminvincul@cion2022
--

ALTER TABLE ONLY public.syllabus
    ADD CONSTRAINT syllabus_pk PRIMARY KEY (id_syllabu);


--
-- Name: topics topics_pk; Type: CONSTRAINT; Schema: public; Owner: @dminvincul@cion2022
--

ALTER TABLE ONLY public.topics
    ADD CONSTRAINT topics_pk PRIMARY KEY (id_topic);


--
-- Name: utils utils_pk; Type: CONSTRAINT; Schema: public; Owner: @dminvincul@cion2022
--

ALTER TABLE ONLY public.utils
    ADD CONSTRAINT utils_pk PRIMARY KEY (key_util);


--
-- Name: answers answers_questions_fk; Type: FK CONSTRAINT; Schema: public; Owner: @dminvincul@cion2022
--

ALTER TABLE ONLY public.answers
    ADD CONSTRAINT answers_questions_fk FOREIGN KEY (questions_id_question) REFERENCES public.questions(id_question);


--
-- Name: courses courses_persons_fk; Type: FK CONSTRAINT; Schema: public; Owner: @dminvincul@cion2022
--

ALTER TABLE ONLY public.courses
    ADD CONSTRAINT courses_persons_fk FOREIGN KEY (persons_id_person) REFERENCES public.persons(id_person);


--
-- Name: evaluation_question_category evaluation_question_category_evaluations_fk; Type: FK CONSTRAINT; Schema: public; Owner: @dminvincul@cion2022
--

ALTER TABLE ONLY public.evaluation_question_category
    ADD CONSTRAINT evaluation_question_category_evaluations_fk FOREIGN KEY (evaluations_id_evaluation) REFERENCES public.evaluations(id_evaluation);


--
-- Name: evaluation_question_category evaluation_question_category_question_category_fk; Type: FK CONSTRAINT; Schema: public; Owner: @dminvincul@cion2022
--

ALTER TABLE ONLY public.evaluation_question_category
    ADD CONSTRAINT evaluation_question_category_question_category_fk FOREIGN KEY (question_category_id_questioncategory) REFERENCES public.question_category(id_questioncategory);


--
-- Name: evaluations evaluations_topics_fk; Type: FK CONSTRAINT; Schema: public; Owner: @dminvincul@cion2022
--

ALTER TABLE ONLY public.evaluations
    ADD CONSTRAINT evaluations_topics_fk FOREIGN KEY (topics_id_topic) REFERENCES public.topics(id_topic);


--
-- Name: persons_courses persons_courses_courses_fk; Type: FK CONSTRAINT; Schema: public; Owner: @dminvincul@cion2022
--

ALTER TABLE ONLY public.persons_courses
    ADD CONSTRAINT persons_courses_courses_fk FOREIGN KEY (courses_id_course) REFERENCES public.courses(id_course);


--
-- Name: persons_courses persons_courses_persons__fk; Type: FK CONSTRAINT; Schema: public; Owner: @dminvincul@cion2022
--

ALTER TABLE ONLY public.persons_courses
    ADD CONSTRAINT persons_courses_persons__fk FOREIGN KEY (persons_id_person) REFERENCES public.persons(id_person);


--
-- Name: persons_courses persons_courses_persons_fk; Type: FK CONSTRAINT; Schema: public; Owner: @dminvincul@cion2022
--

ALTER TABLE ONLY public.persons_courses
    ADD CONSTRAINT persons_courses_persons_fk FOREIGN KEY (persons_id_person) REFERENCES public.persons(id_person);


--
-- Name: persons_evaluations persons_evaluations_evaluations_fk; Type: FK CONSTRAINT; Schema: public; Owner: @dminvincul@cion2022
--

ALTER TABLE ONLY public.persons_evaluations
    ADD CONSTRAINT persons_evaluations_evaluations_fk FOREIGN KEY (evaluations_id_evaluation) REFERENCES public.evaluations(id_evaluation);


--
-- Name: persons_evaluations persons_evaluations_persons_fk; Type: FK CONSTRAINT; Schema: public; Owner: @dminvincul@cion2022
--

ALTER TABLE ONLY public.persons_evaluations
    ADD CONSTRAINT persons_evaluations_persons_fk FOREIGN KEY (persons_id_person) REFERENCES public.persons(id_person);


--
-- Name: questions questions_evaluations_fk; Type: FK CONSTRAINT; Schema: public; Owner: @dminvincul@cion2022
--

ALTER TABLE ONLY public.questions
    ADD CONSTRAINT questions_evaluations_fk FOREIGN KEY (evaluations_id_evaluation) REFERENCES public.evaluations(id_evaluation);


--
-- Name: questions questions_question_category_fk; Type: FK CONSTRAINT; Schema: public; Owner: @dminvincul@cion2022
--

ALTER TABLE ONLY public.questions
    ADD CONSTRAINT questions_question_category_fk FOREIGN KEY (question_category_id_questioncategory) REFERENCES public.question_category(id_questioncategory);


--
-- Name: resources resources_topics_fk; Type: FK CONSTRAINT; Schema: public; Owner: @dminvincul@cion2022
--

ALTER TABLE ONLY public.resources
    ADD CONSTRAINT resources_topics_fk FOREIGN KEY (topics_id_topic) REFERENCES public.topics(id_topic);


--
-- Name: settings settings_persons_fk; Type: FK CONSTRAINT; Schema: public; Owner: @dminvincul@cion2022
--

ALTER TABLE ONLY public.settings
    ADD CONSTRAINT settings_persons_fk FOREIGN KEY (persons_id_person) REFERENCES public.persons(id_person);


--
-- Name: syllabus syllabus_courses_fk; Type: FK CONSTRAINT; Schema: public; Owner: @dminvincul@cion2022
--

ALTER TABLE ONLY public.syllabus
    ADD CONSTRAINT syllabus_courses_fk FOREIGN KEY (courses_id_course) REFERENCES public.courses(id_course);


--
-- Name: topics topics_syllabus_fk; Type: FK CONSTRAINT; Schema: public; Owner: @dminvincul@cion2022
--

ALTER TABLE ONLY public.topics
    ADD CONSTRAINT topics_syllabus_fk FOREIGN KEY (syllabus_id_syllabu) REFERENCES public.syllabus(id_syllabu);


--
-- PostgreSQL database dump complete
--

